# Aspose.3D Wavefront OBJ Exporter
# Copyright 2004-2023 Aspose Pty Ltd.
# File created: 12/20/2023 20:18:28

g obj_5749718

#
# object obj_5749718
#

v 5.72 9.529 0
v -6.824 -31.824 0
v 3.388 8.945 0
v 8.099 9.882 0
v 10.5 10 0
v 12.901 9.882 0
v 15.28 9.529 0
v 17.612 8.945 0
v 19.876 8.135 0
v 22.049 7.107 0
v 24.111 5.871 0
v 26.043 4.439 0
v 27.824 2.824 0
v 29.439 1.043 0
v -2.672 -16.707 19
v -2.67 -11.914 19
v -5.451 -14.178 19
v -3.111 5.871 0
v -5.043 4.439 0
v -1.049 7.107 0
v -6.824 2.824 0
v 1.124 8.135 0
v -5.362 -20.165 19
v -2.637 -19.105 19
v -5.427 -18.454 19
v -2.564 -20.471 19
v 29.36 -23.215 14
v 32.107 -26.049 14
v 29.666 -22.613 14
v 29.261 -23.894 14
v 30.299 -22.364 14
v 29.239021 -24.576 14
v 29.236685 -24.648527 14
v 33.135 -5.124 0
v 33.945 -7.388 0
v 32.107 -2.951 0
v 34.529 -9.72 0
v 30.871 -0.889 0
v 34.882 -12.099 0
v 35 -14.5 0
v 34.882 -16.901 0
v 34.529 -19.28 0
v 33.945 -21.612 0
v 33.135 -23.876 0
v 32.107 -26.049 0
v 30.871 -28.111 0
v 29.439 -30.043 0
v 27.824 -31.824 0
v 26.043 -33.439 0
v 30.989 -22.326 14
v 31.551 -21.961 14
v 33.135 -23.876 14
v -0.025 -23.025 19
v -0.478 -22.523 19
v -2.65 -24.069 19
v -2.7 -23.388 19
v -1.146 -22.353 19
v -1.837 -22.285 19
v -5.3 -20.846 19
v -5.18 -21.514 19
v 31.774 -21.315 14
v 31.586746 -21.857445 14
v 33.945 -21.612 14
v 31.871 -20.638 14
v -4.237 -22.346 19
v -3.542 -22.41 19
v -2.48 -21.159 19
v -2.305 -21.813 19
v -2.96 -22.76 19
v 29.051 -21.02 14
v 26.305 -20.798 14
v 28.903 -21.684 14
v 29.108631 -20.48 14
v 26.32079 -20.619843 14
v 26.455421 -24.778736 14
v 26.452 -24.959 19
v 26.459269 -24.576 14
v 28.620087 -22.078915 14
v 28.514 -22.227 14
v 28.672 -22.00645 14
v 24.576 -22.404581 14
v 26.517 -23.597 14
v 24.588 -22.398 14
v 24.222824 -22.598297 14
v 23.99 -22.726 14
v 25.283 -22.343 14
v 26.679 -22.93 14
v 25.903 -22.095 14
v 27.149 -22.45 14
v 26.189 -21.479 14
v 18.464 -17.269 14
v 18.464 -17.269 19
v 17.955013 -16.869213 14
v 20.279 -18.225 14
v 20.279 -18.225 19
v 19.617 -18.011 14
v 23.657 -24.023 14
v 26.465 -24.274 14
v 20.826 -17.91 14
v 17.70742 -16.659895 14
v 11.881737 -19.625422 14
v 17.914 -16.837 14
v 17.38108 -16.384 14
v 19.028 -17.668 14
v 23.56205 -20.48 14
v 23.576315 -20.243473 14
v 21.447 -22.54 14
v 23.60715 -19.300867 14
v 23.586315 -19.836895 14
v 23.66 -17.941 14
v 23.664211 -16.99521 14
v 20.854 -17.236 14
v 24.588 -22.398 19
v 5.72 -38.529 0
v 8.099 -38.882 0
v 3.388 -37.945 0
v 1.124 -37.135 0
v -1.049 -36.107 0
v 10.5 -39 0
v 24.111 -34.871 0
v 22.049 -36.107 0
v 19.876 -37.135 0
v 17.612 -37.945 0
v 15.28 -38.529 0
v 12.901 -38.882 0
v 23.67158 -12.581527 14
v -4.871 -22.128 19
v 20.501 -16.641 14
v 20.393894 -16.49679 14
v -8.439 -30.043 0
v -9.871 -28.111 0
v -11.107 -26.049 0
v -12.135 -23.876 0
v -12.945 -21.612 0
v -13.529 -19.28 0
v -13.882 -16.901 0
v -14 -14.5 0
v -13.882 -12.099 0
v -13.529 -9.72 0
v -12.945 -7.388 0
v -12.135 -5.124 0
v -11.107 -2.951 0
v -9.871 -0.889 0
v -8.439 1.043 0
v -5.043 -33.439 0
v -3.111 -34.871 0
v 23.708 -23.342 14
v -6.857 -22.349 19
v -8.258 -23.935 19
v -6.178 -22.439 19
v -5.691 -22.903 19
v -7.913 -21.653 19
v -8.637 -22.643 19
v -7.54 -22.211 19
v -5.521 -23.564 19
v -5.466 -24.246 19
v 25.298 1.529 19
v 23.669 0.42 19
v 25.952 1.321 19
v 24.606 1.585 19
v 26.36 0.785 19
v 23.419 3.826 19
v 22.167 1.5 19
v 23.664 3.199 19
v 22.127 4.233 19
v 22.81 4.135 19
v 21.084 4.268 19
v 23.711 2.514 19
v -8.35 -23.259 19
v 23.448 1.063 19
v 23.29 -21.844 14
v 22.807 -22.294 14
v 23.475 -21.192 14
v 22.11 -22.355 14
v 23.56 -20.514 14
v 24.002 1.904 19
v 22.852 1.394 19
v 18.129 5.674 19
v 17.986 6.333 19
v 15.386 4.214 19
v 16.737 6.839 19
v 17.418 6.7 19
v 16.776 4.104 19
v -9.259 -22.368 19
v -8.057 -20.978 19
v -9.952 -22.331 19
v -10.765 -21.36 19
v -10.534 -21.987 19
v -10.867 -20.683 19
v -8.146 -19.962 19
v -10.922 -19.987 19
v -10.963 -18.97 19
v -8.198 -18.599 19
v -8.225 -15.341 19
v -10.999 -15.718 19
v 18.213 5.003 19
v 17.446 3.961 19
v -1.094 -25.087 19
v -1.785 -25.026 19
v -0.434 -25.278 19
v 0.204 -24.368 19
v -2.377 -24.69 19
v 28.672 -27.550406 14
v 29.439 -30.043 14
v 28.971 -27.287 14
v 18.675 4.513 19
v 30.871 -28.111 14
v 29.152 -26.626 14
v 17.411 1.242 19
v 16.777 -1.357 19
v 17.984 0.877 19
v 16.729 1.38 19
v 29.227211 -25.007736 14
v 19.342 4.341 19
v 18.006 3.572 19
v -5.592 -28.444 19
v -5.452 -29.107 19
v -4.345 -27.798 19
v -8.225 -25.302 19
v -5.449 -25.274 19
v 29.223263 -25.188263 14
v 29.21 -25.945 14
v 18.229 2.232 19
v 18.712 1.767 19
v 19.388 1.605 19
v 20.036 4.285 19
v 20.083 1.553 19
v 2.252579 -6.7845263 14
v 1.487 -6.856 19
v 2.526 -6.759 19
v 27.781 -27.81 14
v 27.107 -27.943 14
v 26.611 -28.407 14
v 28.467 -27.731 14
v 26.454 -29.068 14
v 28.549456 -27.658361 14
v 12.951 -1.199 19
v 15.387 -1.246 19
v 13.607 1.526 19
v 0.238 -7.353 19
v 0.097 -8.016 14
v 0.097 -8.016 19
v 26.301 -27.005 14
v 26.408594 -26.345745 14
v 23.406 -24.655 14
v 26.411 -26.331 14
v 25.963 -27.588 14
v 26.42021 -26.150738 14
v 23.437374 -24.576 14
v 26.42521 -25.789684 14
v 25.308 -27.801 14
v 0.399 -4.309 19
v 0.124 -4.929 19
v 0.124 -4.929 14
v 15.694 6.927 19
v 14.306 6.976 19
v 0.074 -5.611 19
v 7.351 6.986 19
v 5.611 6.944 19
v 6.689 4.245 19
v 8.256 4.264 19
v 12.949 4.262 19
v 10.654 7 19
v 23.657 -24.023 19
v 4.22 1.373 19
v 5.65 -1.245 19
v 5.266 1.464 19
v 6.826 1.517 19
v 24.647 -30.576 14
v 26.043 -33.439 14
v 25.339 -30.525 14
v 26.373 -29.746 14
v 27.824 -31.824 14
v 25.984 -30.299 14
v 26.373816 -29.73918 14
v 4.266 4.11 19
v 5.646 4.215 19
v 4.222 6.834 19
v 3.553 6.691 19
v -0.093 1.537 19
v 0.951 1.554 19
v 0.919 4.283 19
v 22.141 -25.084 14
v 21.474 -25.255 14
v 24.011 -28.164 14
v 22.520287 -25.04552 14
v 22.945341 -30.33823 14
v 23.427 -30.087 14
v 20.48 -27.475103 14
v 24.576 -27.874065 14
v 22.831 -25.014 14
v 24.619 -27.852 14
v 3.585 3.971 19
v 2.771 4.962 19
v 2.289 4.497 19
v 3.01 3.597 19
v 2.994 6.302 19
v 23.475 -21.192 19
v 2.994 0.841 19
v 4.262 -1.351 19
v 3.553 1.23 19
v 21.024 -25.759 14
v 20.795 -27.1 14
v 23.762012 -28.672 14
v 23.56 -20.514 19
v 20.783 -24.4 14
v 21.012 -23.058 14
v 20.48 -24.737858 14
v 29.152 -26.626 19
v 1.613 4.336 19
v 2.871 2.935 19
v 1.645 1.61 19
v 2.315 1.779 19
v 2.782 2.26 19
v 29.21 -25.945 19
v 18.223318 -28.672 14
v 20.049 -30.554 14
v 18.421 -28.21 14
v 19.007 -27.866 14
v 19.698 -27.803 14
v 20.48 -30.546982 14
v 20.36 -27.618 14
v 22.136 -30.503 14
v 19.774546 -25.04666 14
v -0.469 4.264 19
v 28.971 -27.287 19
v 28.467 -27.731 19
v 19.664 -25.075 14
v 18.974 -25.145 14
v 20.331 -24.904 14
v 12.348369 -27.802368 14
v 13.000578 -27.800327 14
v 11.411 -26.103 14
v -1.164 4.231 19
v -1.849 4.125 19
v -1.136 1.503 19
v -2.446 3.796 19
v -2.668 3.154 19
v -2.718 2.477 19
v 18.686222 -25.325674 14
v 13.357053 -27.79921 14
v 11.652 -25.47 14
v -3.03 1.875 19
v -1.825 1.401 19
v -2.427 1.087 19
v -3.647 1.576 19
v -2.666 0.457 19
v 18.104 -26.823 14
v 18.149 -26.138 14
v 17.648617 -27.402971 14
v 17.082 -27.593 14
v 16.395 -27.688 14
v -5.373 0.746 19
v -2.713 -0.228 19
v -4.984 1.299 19
v -5.454 0.068 19
v -4.339 1.525 19
v -3.011 -0.836 19
v 24.011 -28.164 19
v 17.735 -27.374 14
v 16.384 -27.688799 14
v 24.652 -1.155 19
v 25.345 -1.202 19
v 26.452 0.107 19
v 23.719 -0.257 19
v 26.592 -0.556 19
v 24.12643 -30.82827 14
v 24.03 -30.875 14
v 23.455683 -32.768 14
v 23.668 -32.154 14
v 23.718 -31.477 14
v 26.301 -27.005 19
v 26.414 -2.705 19
v 26.449 -3.726 19
v 29.208 -3.016 19
v 29.225 -3.698 19
v 21.184053 -30.536474 14
v 21.367474 -30.528053 14
v 22.825 -30.401 14
v 23.666 -29.457 14
v 23.713 -28.772 14
v 21.055054 -30.538237 14
v -7.953 -27.322 19
v -7.43 -27.743 19
v -5.414 -26.295 19
v -8.145 -26.67 19
v -8.208 -25.984 19
v -6.739 -27.811 19
v -5.31 -26.972 19
v 25.987 -1.432 14
v 26.253254 -1.9232912 14
v 25.987 -1.432 19
v -6.069 -27.961 19
v -4.987 -27.568 19
v -4.298 -30.529 19
v -3.606 -30.585 19
v -2.669 -29.42 19
v 20.818264 -30.541473 14
v 18.154 -28.834 14
v 19.355 -30.61 14
v 16.384 -33.13862 14
v 16.462685 -33.132633 14
v 16.06437 -30.435843 14
v 24.652 -1.155 14
v 16.734 -33.11 14
v 16.432 -30.414 14
v 17.119 -30.316 14
v 18.218 -31.26 14
v 17.77 -30.082 14
v -2.719 -28.743 19
v -3.652 -27.845 19
v -3.033 -28.142 19
v 18.685 -30.779 14
v 18.109 -29.52 14
v -5.36 -29.785 19
v -4.952 -30.321 19
v 29.258 -5.065 14
v 29.258 -5.065 19
v 29.347204 -5.7204614 14
v -2.448 -30.063 19
v -3.002 -30.904 19
v 30.259 -6.632 14
v 29.637 -6.357 19
v 30.259 -6.632 19
v -1.852 -30.394 19
v -2.711 -31.514 19
v -1.127 -33.233 19
v 17.415 -32.971 14
v 30.952 -6.669 19
v -2.664 -32.199 19
v -1.81 -33.135 19
v -0.084 -33.268 19
v -1.167 -30.5 19
v -2.419 -32.826 19
v 18.129 -31.935 14
v 17.99 -32.597 14
v 26.452 0.107 14
v 26.36 0.785 14
v 25.952 1.321 14
v 26.289188 0.8780261 14
v 26.064 -7.155 14
v 26.064 -7.155 19
v 26.249 -7.806 19
v 25.581 -6.706 19
v 24.002 1.904 14
v 24.576 1.6008444 14
v 24.606 1.585 14
v 9.1617365 -23.363264 14
v 4.572 -27.685 14
v 9.172 -23.723 14
v 23.711 2.514 14
v 25.984 -30.299 19
v 22.127 4.233 14
v 14.025 -9.381 19
v 13.906 -9.618 19
v 13.906 -9.618 14
v 21.358473 4.2587895 14
v 20.80821 4.272474 14
v 24.647 -30.576 19
v 24.576 -30.610407 14
v 23.70002 0 14
v 23.669 0.42 14
v 26.454 -29.068 19
v 23.448 1.063 14
v 22.167 1.5 14
v 21.61858 1.5139474 14
v 21.984106 1.5089474 14
v 18.129 5.674 14
v 18.213 5.003 14
v 22.831 -25.014 19
v 16.737 6.839 14
v 1.9916316 -14.795474 14
v 1.809 -14.996 19
v 2.503 -14.234 19
v 16.384 6.8687835 14
v 16.459867 6.862382 14
v 18.675 4.513 14
v 19.342 4.341 14
v 20.036 4.285 14
v 19.698 -27.803 19
v 17.2985 3.9924815 14
v 20.36 -27.618 19
v 15.294421 4.217158 14
v 16.318632 4.136105 14
v 20.795 -27.1 19
v 16.80645 4.097501 14
v 16.813482 4.096 14
v 28.953 -1.678 19
v 28.43 -1.257 19
v 29.145 -2.33 19
v 26.31 -2.028 19
v 27.739 -1.189 19
v 20.331 -24.904 19
v 18.129 0.218 19
v 18.129 0.218 14
v 17.411 1.242 14
v 18.421 -28.21 19
v 18.154 -28.834 19
v 16.729 1.38 14
v 16.548473 1.3976315 14
v 19.664 -25.075 19
v 6.9516153 -9.760674 14
v 5.324895 -11.380737 14
v 7.125 -9.588 19
v 18.006 3.572 14
v 17.082 -27.593 19
v 17.735 -27.374 19
v 18.104 -26.823 19
v 26.474594 0 14
v 25.298 1.529 14
v 23.668 -32.154 19
v 23.664 3.199 14
v 23.419 3.826 14
v 22.81 4.135 14
v 21.093 -30.537 19
v 22.852 1.394 14
v 27.069 -1.039 19
v 26.466 -4.754 19
v 26.521 -5.436 19
v 28.54 -6.789 19
v 29.35 -5.741 19
v 27.857 -6.651 19
v 17.986 6.333 14
v 29.146 -9.038 19
v 29.198 -10.401 19
v 31.922 -9.013 19
v 17.418 6.7 14
v 29.057 -8.022 19
v 31.534 -7.013 19
v 28.913 -7.347 19
v 31.765 -7.64 19
v 31.867 -8.317 19
v 2.757 -0.496 14
v 2.994 0.841 14
v 24.885 -6.645 19
v 23.529 -8.183 19
v 23.413 -7.514 19
v 26.691 -6.097 19
v 27.178 -6.561 19
v 19.995 -1.24 19
v 19.352 -3.916 19
v 20.592 -1.569 19
v 20.873 -2.185 19
v 20.924 -2.866 19
v 20.043 -3.982 19
v 21.176 -3.497 19
v 16.776 4.104 14
v 16.594158 4.1224213 14
v 21.752 -3.856 19
v 20.623 -4.335 19
v 16.384 4.1328588 14
v 23.108 -4.097 19
v 22.441 -3.925 19
v 20.931 -5.646 19
v 24.033 -0.858 19
v 17.984 0.877 14
v 15.343 1.486 19
v 18.226 -0.453 19
v 18.646 -0.983 19
v 17.446 -1.5 19
v 17.603752 3.851419 14
v 17.446 3.961 14
v 18.229 2.232 14
v 18.243 -3.227 19
v 19.304 -1.182 19
v 18.006 -1.889 19
v 18.687 -3.738 19
v 18.712 1.767 14
v 20.881 -4.964 19
v 19.388 1.605 14
v 20.083 1.553 14
v 15.968473 6.903842 14
v 15.784264 6.922 14
v 23.558 -4.602 19
v 21.208 -6.265 19
v 18.891 -9.352 19
v 19.586 -9.297 19
v 19.548 -6.861 19
v 0.119 -2.231 14
v 0.069 -2.912 14
v 0.119 -2.231 19
v 1.683 -3.913 19
v 0.992 -3.973 14
v 1.683 -3.913 14
v 13.756263 6.9815264 14
v 11.065316 6.9992104 14
v 23.121 -6.897 19
v 24.222 -6.46 19
v 9.738737 6.9955263 14
v 2.871 -2.522 14
v 2.871 -2.522 19
v 2.77 -3.194 14
v 23.786 -5.943 19
v 22.498 -6.656 19
v 21.802 -6.599 19
v 15.52721 1.4757369 14
v 18.163 -6.739 19
v 26.41 -9.862 19
v 26.336 -8.496 19
v 23.591 -8.876 19
v 13.607 1.526 14
v 10.723737 1.5348421 14
v 29.224 -13.145 19
v 29.222 -16.57 19
v 32 -14.82 19
v 31.988 -11.398 19
v 13.498736 4.2525263 14
v 1.487 -6.856 14
v 8.759421 4.2655787 14
v 12.217421 4.2641053 14
v 0.811 -6.997 14
v 0.811 -6.997 19
v 20.257 -9.152 19
v 20.903 -8.057 19
v 20.784 -7.387 19
v 20.784 -8.726 19
v 20.238 -7.013 19
v 17.845 -9.377 19
v 17.123 -6.7 19
v 0.238 -7.353 14
v 15.615 -14.756 19
v 17.39 -16.394 19
v 18.048 -13.766 19
v 6.022842 6.954263 14
v 7.3049474 6.9852104 14
v 0.992 -3.973 19
v 0.7749196 -4.096 14
v 5.611 6.944 14
v 26.449 -12.765 19
v 23.67 -11.951 19
v 0.67561007 -4.15227 14
v 0.399 -4.309 14
v 9.694 1.538 19
v 9.076632 1.5348421 14
v 23.636 -9.894 19
v 6.9633684 1.5193684 14
v 6.5054736 1.5083158 14
v 0.074 -5.611 14
v 9.113 -11.752 14
v 9.118263 -14.542526 14
v 9.113 -11.752 19
v 4.990737 1.4400526 14
v 9.065 -11.18 19
v 9.065 -11.18 14
v 4.22 1.373 14
v 4.096 1.3464153 14
v 14.638158 -13.807053 14
v 15.615526 -14.755474 14
v 11.903 -11.15 14
v 11.903 -11.15 19
v 7.739 -1.2 19
v 6.689 4.245 14
v 7.8436317 4.259 14
v 16.384 -15.464634 14
v 6.2311053 4.227105 14
v 5.462579 4.205 14
v 14.025 -9.381 14
v 2.757 -0.496 19
v 11.898789 -12.8052635 14
v 11.902992 -11.152897 14
v 4.266 4.11 14
v 0.069 -2.912 19
v -0.205 -3.532 19
v 1.649 -1.185 19
v 0.959 -1.252 19
v 0.378 -1.603 19
v -5.2857187E-14 4.2694883 14
v 0.7371579 4.279579 14
v 0.919 4.283 14
v 1.613 4.336 14
v 2.77 -3.194 19
v 2.344 -3.72 19
v 2.289 4.497 14
v 2.771 4.962 14
v 2.7672384 4.958371 14
v 0.199 -8.69 19
v 0.199 -8.69 14
v 0.702 -9.137 19
v 0.702 -9.137 14
v 2.7973158 5.1391053 14
v 3.574 -1.493 19
v 4.5696316 -12.1333685 14
v 4.682 -12.021 19
v 3.011 -1.861 19
v 2.314 -1.007 19
v 3.553 6.691 14
v 1.376 -9.292 19
v 2.066 -9.35 19
v 5.85 -14.305 19
v 3.553 1.23 14
v 1.376 -9.292 14
v 11.887 -18.637 19
v 2.066 -9.35 14
v 7.125 -9.588 14
v 14.174 -6.66 19
v 2.782 2.26 14
v 7.0228505 -9.47844 14
v 6.932 -9.381 14
v 6.932 -9.381 19
v 3.108 -9.377 14
v 3.108 -9.377 19
v 3.01 3.597 14
v 2.871 2.935 14
v 6.698 -6.66 19
v 2.9640527 -13.764 14
v 15.730957 6.923882 14
v 2.503 -14.234 14
v 14.761526 6.958105 14
v 14.213368 6.9778423 14
v 4.349 -15.727 19
v 1.957 -17.705 19
v 3.046 -16.86 19
v 0.94 -16.061 19
v 14.19922 6.9779563 14
v 11.772485 -24.576 14
v 18.399 -25.506 14
v 11.833579 -23.600632 14
v 11.77021 -24.612316 14
v 3.914 -6.699 19
v 11.847579 -23.096632 14
v 11.862579 -22.644262 14
v 26.449 -16.187 19
v 23.66 -17.941 19
v 26.421 -18.752 19
v 11.863299 -22.530684 14
v 15.251947 1.4888947 14
v 14.886158 1.4965264 14
v 29.051 -21.02 19
v 28.903 -21.684 19
v 30.299 -22.364 19
v 29.177 -19.309 19
v 31.979 -18.249 19
v 31.871 -20.638 19
v 31.954 -19.277 19
v 31.774 -21.315 19
v 29.124 -20.336 19
v 31.551 -21.961 19
v 9.580052 1.538 14
v 30.989 -22.326 19
v -2.67 -11.914 14
v -2.6714737 -15.445684 14
v 0.94 -16.061 14
v 28.514 -22.227 19
v 29.666 -22.613 19
v 29.36 -23.215 19
v 27.149 -22.45 19
v 26.189 -21.479 19
v 25.903 -22.095 19
v 25.283 -22.343 19
v 26.305 -20.798 19
v 0.721 -18.242 14
v -0.478 -22.523 14
v 1.371 -18.086 14
v -0.025 -23.025 14
v 9.1263685 -21.851263 14
v 5.443684 -27.744158 14
v 5.0789475 -27.722578 14
v 1.957 -17.705 14
v 12.949 4.262 14
v 26.465 -24.274 19
v 29.228 -24.918 19
v 29.261 -23.894 19
v 2.9038947 -16.973948 14
v 2.1014736 -17.596579 14
v 19.028 -17.668 19
v 19.617 -18.011 19
v 20.501 -16.641 19
v 20.854 -17.236 19
v 19.436 -15.295 19
v 20.826 -17.91 19
v 17.914 -16.837 19
v 3.1152105 -16.801579 14
v 26.4 -19.438 19
v 4.222 6.834 14
v 9.441639 -27.807234 14
v 9.562 -26.062 14
v 9.266894 -27.807526 14
v 8.261369 -27.796474 14
v 9.24 -24.753 14
v 6.5968423 -27.781 14
v 9.34 -25.432 14
v 9.689753 -27.806818 14
v 21.012 -23.058 19
v 22.141 -25.084 19
v 21.447 -22.54 19
v 10.131 -26.423 14
v 12.305243 -27.80244 14
v 10.828 -26.428 14
v 5.356 1.4692632 14
v 22.11 -22.355 19
v 22.807 -22.294 19
v 23.708 -23.342 19
v 23.29 -21.844 19
v 23.99 -22.726 19
v 13.908105 -27.783684 14
v 15.193894 -27.760105 14
v 11.756 -24.791 14
v 16.213684 -27.701159 14
v 8.192 4.2615027 14
v 26.679 -22.93 19
v 26.517 -23.597 19
v 26.411 -26.331 19
v 27.781 -27.81 19
v 4.445737 4.1276317 14
v 25.308 -27.801 19
v 26.611 -28.407 19
v 25.963 -27.588 19
v 27.107 -27.943 19
v 16.384 -30.416851 14
v 14.677316 -33.232105 14
v 15.445842 -33.21 14
v 14.778579 -30.503632 14
v 7.918 -30.531 14
v 7.2322106 -30.514685 14
v 7.501263 -33.252525 14
v 26.373 -29.746 19
v 10.47779 -30.536894 14
v 10.612263 -33.265686 14
v 11.529368 -30.538736 14
v 12.259631 -33.26121 14
v 13.957263 -30.514421 14
v 25.339 -30.525 19
v 24.619 -27.852 19
v 23.713 -28.772 19
v 23.666 -29.457 19
v 14.311 -33.245 14
v 2.9616315 6.126474 14
v 23.406 -24.655 19
v 20.783 -24.4 19
v 21.474 -25.255 19
v 2.994 6.302 14
v 21.024 -25.759 19
v 4.096 -27.616606 14
v 8.192 -27.79583 14
v 18.149 -26.138 19
v 19.007 -27.866 19
v 2.891 -26.791 14
v 3.231 -27.353 14
v 2.846 -26.103 14
v 2.579 -25.479 14
v 1.991 -25.136 14
v 0.18173684 1.5414736 14
v 0.951 1.554 14
v 1.645 1.61 14
v 2.315 1.779 14
v 1.301 -25.073 14
v 3.585 3.971 14
v 0.222 -27.141 14
v -6.955359E-16 -25.837236 14
v -3.033 -28.142 14
v 18.974 -25.145 19
v 18.399 -25.506 19
v -2.756095 -28.672 14
v -2.719 -28.743 14
v 23.427 -30.087 19
v 2.2831087 -28.036385 14
v 1.612 -30.605 14
v 2.608 -28.245 14
v 2.038 -27.879 14
v 1.349 -27.806 14
v -0.65189475 4.255316 14
v -1.238659 4.219447 14
v 3.883 -27.586 14
v 23.718 -31.477 19
v 22.136 -30.503 19
v 21.469 -33.264 19
v -1.164 4.231 14
v 22.825 -30.401 19
v 2.852 -28.877 14
v 2.897 -29.563 14
v 3.2761593 -32.768 14
v 4.623 -30.42 14
v 3.099176 -32.64506 14
v 3.935 -30.326 14
v 2.994 -32.572 14
v -2.4365432 3.8012116 14
v -4.339 1.525 14
v 24.03 -30.875 19
v 2.288 -30.767 14
v 3.276 -30.11 14
v 2.771 -31.232 14
v -2.446 3.796 14
v 1.7503158 -15.06521 14
v -3.03 1.875 14
v 18.109 -29.52 19
v 17.77 -30.082 19
v 17.119 -30.316 19
v 16.395 -27.688 19
v 1.11 -15.849947 14
v -2.718 2.477 14
v 19.387 -33.336 19
v 20.081 -33.283 19
v 19.355 -30.61 19
v 18.685 -30.779 19
v 18.129 -31.935 19
v 18.218 -31.26 19
v 18.711 -33.497 19
v 17.99 -32.597 19
v 4.075316 -15.966737 14
v 3.5954447 -16.384 14
v -0.3674737 1.5280527 14
v 4.349 -15.727 14
v 5.85 -14.305 14
v 11.842 -23.418 19
v 11.861 -22.734 19
v 9.172 -23.723 19
v 9.124 -21.671 19
v -2.427 1.087 14
v 31.945843 -19.456474 14
v 31.97742 -18.337948 14
v 31.964264 -18.699 14
v -2.666 0.457 14
v 1.371 -18.086 19
v 0.23 -17.238 19
v 0.721 -18.242 19
v 0.552 -16.624 19
v 0.158 -17.909 19
v 31.978895 -18.09736 14
v 31.989388 -16.384 14
v 31.992895 -15.811316 14
v -4.984 1.299 14
v -5.373 0.746 14
v 26.406263 -19.112263 14
v 26.421 -18.752 14
v -5.611 -0.593 14
v -5.611 -0.593 19
v -5.4701514 0 14
v -5.454 0.068 14
v 9.562 -26.062 19
v 10.131 -26.423 19
v 9.34 -25.432 19
v 10.828 -26.428 19
v 11.411 -26.103 19
v 11.652 -25.47 19
v 11.756 -24.791 19
v 9.24 -24.753 19
v -0.28557894 4.2655787 14
v 26.423056 -18.56372 14
v 26.44685 -16.384 14
v 29.177 -19.309 14
v 29.124 -20.336 14
v -1.849 4.125 14
v 29.222 -16.57 14
v 29.223475 -14.046316 14
v -3.647 1.576 14
v -2.668 3.154 14
v -1.136 1.503 14
v -0.18405263 1.5364736 14
v -1.825 1.401 14
v 26.330559 -20.48 14
v 29.220526 -3.5185263 14
v 29.226316 -3.8790526 14
v 29.208 -3.016 14
v 29.231552 -4.096 14
v 24.885 -6.645 14
v 5.2754126 -35.92442 14
v 5.9791055 -35.952946 14
v 5.306 -35.927 19
v 26.453474 -3.9965262 14
v 26.455118 -4.096 14
v 26.466 -4.754 14
v 27.178 -6.561 14
v 28.54 -6.789 14
v 28.672 -6.9864693 14
v 27.857 -6.651 14
v 4.224 -33.104 19
v 5.614 -33.214 19
v 4.6813684 -33.136105 14
v 4.224 -33.104 14
v 4.1935496 -33.0975 14
v 20.924 -2.866 14
v 11.887 -18.322 14
v 21.176 -3.497 14
v 21.752 -3.856 14
v 22.441 -3.925 14
v 2.871 -34.674 19
v 3.014 -35.333 14
v 3.014 -35.333 19
v 3.582 -35.7 19
v 24.033 -0.858 14
v 24.576 -1.1185347 14
v 18.160515 0 14
v 18.226 -0.453 14
v 18.19649 -0.2488611 14
v 18.646 -0.983 14
v 18.006 -1.889 14
v 16.777 -1.357 14
v 16.319632 -1.3248948 14
v 19.352 -3.916 14
v 20.043 -3.982 14
v 20.48 -4.2479672 14
v 16.778 -35.834 19
v 15.389 -35.944 19
v 16.384 -35.865204 14
v 13.266 -27.8 19
v 23.558 -4.602 14
v 23.104122 -4.096 14
v 9.084 -27.807 19
v 20.931 -5.646 14
v 20.881 -4.964 14
v 21.153852 -6.144 14
v 11.527 -33.267 19
v 14.311 -33.245 19
v 15.011 -27.768 19
v 23.95551 -6.144 14
v 5.031526 -35.903843 14
v 5.215737 -35.922 14
v 20.903 -8.057 14
v 20.784 -7.387 14
v 29.204582 -2.9787943 14
v 14.687 -30.506 19
v 16.432 -30.414 19
v 28.639221 -1.4254177 14
v 28.672 -1.4518031 14
v 26.592 -0.556 14
v 6.825 -27.786 19
v 5.26 -27.736 19
v 27.739 -1.189 14
v 28.43 -1.257 14
v 26.439789 -3.4573157 14
v 26.449903 -3.7523792 14
v 2.038 -27.879 19
v 2.608 -28.245 19
v 4.263 -35.839 14
v 4.263 -35.839 19
v 6.342 -35.969 19
v 20.304651 -16.384 14
v 6.4978423 -35.963264 14
v 7.046 -35.983 14
v 7.046 -35.983 19
v 7.618336 -35.985546 14
v 8.192 -35.9881 14
v 9.86221 -35.995525 14
v 10.868 -36 19
v 3.554 -32.961 19
v 4.096 -33.07668 14
v 0.3779345 -24.576 14
v 0.638 -24.887 19
v 5.705579 -33.21716 14
v 4.4058423 -33.12242 14
v 4.572 -27.685 19
v 8.051 -33.262 19
v 8.051 -33.262 14
v 8.192 -33.262203 14
v 2.787 -34.003 19
v 2.871 -34.674 14
v 2.787 -34.003 14
v 3.276 -30.11 19
v 3.3355699 -30.129524 14
v 3.935 -30.326 19
v 4.623 -30.42 19
v 3.582 -35.7 14
v 4.096 -35.804913 14
v 2.325 -33.513 14
v 2.325 -33.513 19
v 1.658 -33.341 19
v 1.658 -33.341 14
v 0.964 -33.285 19
v 1.0836169 -33.29465 14
v 0 -33.267704 14
v 0.19178948 -33.272472 14
v 0.964 -33.285 14
v 2.771 -31.232 19
v 2.288 -30.767 19
v 3.554 -32.961 14
v 1.612 -30.605 19
v -0.798 -3.868 14
v -1.488 -3.928 19
v -0.798 -3.868 19
v -3.011 -0.836 14
v -3.619 -1.148 19
v -7.971 -1.713 19
v -8.152 -2.374 14
v -8.152 -2.374 19
v -6.107 -1.057 19
v -4.308 -1.199 14
v -4.308 -1.199 19
v -4.963 -1.412 19
v 11.392 -30.539 19
v -2.564 -20.471 14
v -2.5629013 -20.48 14
v 3.883 -27.586 19
v -5.4202104 -2.8492632 14
v -5.411 -2.669 19
v -5.4252105 -3.2103157 14
v 6.006 -30.499 19
v 7.918 -30.531 19
v -1.146 -22.353 14
v 2.852 -28.877 19
v 3.231 -27.353 19
v -1.837 -22.285 14
v 1.301 -25.073 19
v 0.222 -27.141 19
v 1.991 -25.136 19
v 2.579 -25.479 19
v 2.846 -26.103 19
v -0.006 -25.802 19
v -3.542 -22.41 14
v -4.096 -22.358984 14
v -2.097 -6.872 19
v -2.406 -7.487 19
v -2.406 -7.487 14
v 5.8233685 -30.491106 14
v 4.8043156 -30.432896 14
v -8.100624 -20.48 14
v -2.526 -8.156 19
v 0.552 -16.624 14
v 0.23 -17.238 14
v 0.158 -17.909 14
v -5.679 -6.07 14
v -5.679 -6.07 19
v -6.149 -6.55 19
v 0.68 -27.641 14
v 0.917 -30.553 14
v -5.517 -5.403 19
v -5.452 -4.041 19
v -7.903 -7.316 14
v -7.903 -7.316 19
v -8.051 -7.98 19
v -9.989 -6.674 19
v -10.551 -7.039 14
v -10.551 -7.039 19
v 0.204 -24.368 14
v -10.586747 -7.1425548 14
v 22.049 -36.107 14
v 18.006 -35.302 14
v 19.876 -37.135 14
v 17.447 -35.691 14
v 17.612 -37.945 14
v 5.72 -38.529 14
v 8.099 -38.882 14
v 11.028 -35.999474 14
v 10.5 -39 14
v 12.901 -38.882 14
v 16.778 -35.834 14
v 24.111 -34.871 14
v 22.849 -33.125 14
v -8.21 -3.055 19
v -8.192 -2.843655 14
v 23.446 -32.796 14
v 20.925287 -33.27051 14
v 20.262842 -33.27958 14
v 21.28558 -33.26558 14
v -8.261 -5.106 14
v -8.36 -5.785 19
v -8.261 -5.106 19
v 21.651896 -33.255318 14
v -8.228 -4.082 19
v -8.236684 -4.351474 14
v 22.164 -33.231 14
v -8.21 -3.055 14
v -8.223263 -3.8117368 14
v 18.711 -33.497 14
v 18.229 -33.962 14
v 19.387 -33.336 14
v 20.081 -33.283 14
v -5.412 -9.912 19
v -5.419105 -10.315158 14
v -5.447 -12.299 19
v 17.727098 -32.768 14
v -5.444895 -12.074 14
v -5.447842 -13.458527 14
v 15.28 -38.529 14
v 13.077158 -35.98916 14
v -2.606 -9.18 19
v -2.5288124 -8.192 14
v 13.695053 -35.98521 14
v 15.389 -35.944 14
v 14.977158 -35.95426 14
v -8.051 -7.98 14
v -8.073626 -8.192 14
v 14.197949 -33.24589 14
v -8.187 -10.186 14
v -8.177 -9.691 19
v -8.224 -13.115 19
v 3.388 -37.945 14
v 8.192 -30.531631 14
v -10.979296 -10.919128 14
v -10.992158 -12.68321 14
v -10.979 -10.751 19
v -10.963 -18.97 14
v -10.991628 -16.384 14
v -10.999 -15.718 14
v -1.488 -3.928 14
v -2.148 -4.12 19
v -2.0655 -4.096 14
v 1.124 -37.135 14
v -0.205 -3.532 14
v -3.619 -1.148 14
v -2.713 -0.228 14
v -7.467 -1.269 19
v -6.781 -1.19 19
v -7.467 -1.269 14
v -6.781 -1.19 14
v 2.891 -26.791 19
v 0.68 -27.641 19
v 1.349 -27.806 19
v -10.999263 -13.674526 14
v -13.882 -12.099 14
v -14 -14.5 14
v -10.999263 -15.313263 14
v -13.882 -16.901 14
v -13.529 -19.28 14
v -12.945 -21.612 14
v -10.922 -19.987 14
v -12.135 -23.876 14
v -10.534 -21.987 14
v -10.977421 -10.662053 14
v -13.529 -9.72 14
v -10.964263 -10.301 14
v 2.897 -29.563 19
v -6.107 -1.057 14
v -7.971 -1.713 14
v 0.917 -30.553 19
v 2.994 -32.572 19
v 22.164 -33.231 19
v 20.049 -30.554 19
v 22.849 -33.125 19
v 23.446 -32.796 19
v -4.963 -1.412 14
v -5.301 -1.995 19
v -5.301 -1.995 14
v -5.4085937 -2.654255 14
v -5.411 -2.669 14
v 0.638 -24.887 14
v -2.148 -4.12 14
v -10.867 -20.683 14
v -2.2173488 -4.205265 14
v -2.575 -4.645 19
v -2.575 -4.645 14
v -4.621 -6.719 14
v -4.621 -6.719 19
v -3.932 -6.647 14
v -3.263 -6.483 14
v -3.932 -6.647 19
v -3.263 -6.483 19
v -2.803 -5.984 19
v -2.803 -5.984 14
v -8.258 -23.935 14
v -8.347205 -23.27954 14
v -0.767 -6.59 19
v -1.463 -6.654 19
v -0.767 -6.59 14
v -1.463 -6.654 14
v -0.185 -6.239 19
v -0.185 -6.239 14
v -2.097 -6.872 14
v -2.526 -8.156 14
v -5.084 -7.2 19
v -5.084 -7.2 14
v -0.434 -25.278 14
v -0.006 -25.802 14
v -5.258 -7.859 14
v -5.258 -7.859 19
v -1.094 -25.087 14
v -5.339 -8.535 19
v -5.2979007 -8.192 14
v -1.785 -25.026 14
v -6.149 -6.55 14
v -7.514 -6.773 19
v -7.514 -6.773 14
v -5.517 -5.403 14
v -5.465 -4.726 19
v -5.465 -4.726 14
v -5.455421 -4.221263 14
v -8.124 -8.664 19
v -6.069 -27.961 14
v -5.592 -28.444 14
v -9.299 -6.636 19
v -9.989 -6.674 14
v -9.299 -6.636 14
v -6.739 -27.811 14
v -7.43 -27.743 14
v 17.447 -35.691 19
v 23.121 -6.897 14
v 23.407099 -7.50153 14
v 22.498 -6.656 14
v 20.48 -7.178766 14
v -5.31 -26.972 14
v -4.987 -27.568 14
v 18.006 -35.302 19
v 19.548 -6.861 14
v 20.238 -7.013 14
v -4.345 -27.798 14
v 19.275894 -6.8349476 14
v 17.489052 -6.7163157 14
v 17.123 -6.7 14
v 18.229 -33.962 19
v 16.734 -33.11 19
v 17.415 -32.971 19
v 32 -14.684737 14
v 13.649 -35.986 19
v 15.354 -33.215 19
v -8.439 1.043 14
v -9.871 -0.889 14
v -11.107 -2.951 14
v 31.991158 -12.163263 14
v 31.923683 -9.07382 14
v 31.885422 -8.589632 14
v 31.848167 -8.192 14
v 26.449 -13.665526 14
v 26.336 -8.496 14
v 26.249 -7.806 14
v 26.29767 -8.192 14
v 29.204052 -10.9428425 14
v 29.146 -9.038 14
v 29.071892 -8.192 14
v -5.339 -8.535 14
v -8.666 -6.387 19
v -10.774 -7.685 19
v -10.871 -8.362 19
v 16.839737 -9.378053 14
v -8.36 -5.785 14
v -8.666 -6.387 14
v -8.227211 -3.992263 14
v -12.135 -5.124 14
v 19.609158 -15.505 14
v -10.774 -7.685 14
v -12.945 -7.388 14
v 19.25679 -15.091316 14
v 18.234053 -13.9646845 14
v -8.177 -9.691 14
v -5.404895 -9.730421 14
v -8.124 -8.664 14
v -5.412 -9.912 14
v -5.351105 -8.71579 14
v -10.999 -13.494 19
v -10.954 -9.723 19
v 23.599552 -9.256187 14
v 23.604626 -9.370969 14
v 23.574684 -8.693631 14
v 23.587358 -8.980346 14
v 23.598814 -9.239481 14
v -2.419 -32.826 14
v -2.4416635 -32.768 14
v -8.221632 -12.708947 14
v 23.55199 -8.439968 14
v -5.451 -14.447737 14
v -8.222368 -14.349158 14
v -5.4502373 -14.583637 14
v 23.529 -8.183 14
v 23.529806 -8.192 14
v -2.669 -29.42 14
v -2.448 -30.063 14
v -2.6709473 -16.887 14
v -2.606 -9.18 14
v -1.852 -30.394 14
v 29.145 -2.33 14
v -1.167 -30.5 14
v 28.953 -1.678 14
v -10.8466425 -8.192 14
v -0.618579 -30.513947 14
v -10.871 -8.362 14
v -0.9841053 -30.508947 14
v -10.884685 -8.540684 14
v -10.945842 -9.543527 14
v 27.069 -1.039 14
v -11.107 -26.049 14
v -9.952 -22.331 14
v 26.414 -2.705 14
v 26.44821 -3.6365263 14
v 26.31 -2.028 14
v 25.345 -1.202 14
v 31.765 -7.64 14
v 31.534 -7.013 14
v 29.250631 -4.886316 14
v 30.952 -6.669 14
v 29.35 -5.741 14
v 29.637 -6.357 14
v 28.913 -7.347 14
v 29.057 -8.022 14
v -3.606 -30.585 14
v -4.096 -30.545347 14
v -8.2263155 -25.120947 14
v -8.220527 -25.481474 14
v -8.208 -25.984 14
v -8.204583 -26.021206 14
v -8.192 -26.158222 14
v 25.581 -6.706 14
v -8.239471 -24.576 14
v -8.167161 -26.42869 14
v 26.521 -5.436 14
v 26.691 -6.097 14
v -8.222926 -15.591214 14
v -8.198 -18.599 14
v -5.4333158 -17.598475 14
v 20.873 -2.185 14
v 20.592 -1.569 14
v -7.913 -21.653 14
v -7.54 -22.211 14
v -5.3 -20.846 14
v -8.225 -15.341 14
v -5.427 -18.454 14
v -8.192 -18.75627 14
v -5.379105 -19.714737 14
v -8.146 -19.962 14
v -5.371474 -19.985527 14
v -2.48 -21.159 14
v -2.6451578 -18.653948 14
v -2.6296315 -19.286842 14
v -2.5758421 -20.29337 14
v -1.81 -33.135 14
v -1.127 -33.233 14
v -0.3584737 -33.25879 14
v 5.72 9.529 14
v 8.099 9.882 14
v 10.5 10 14
v 17.612 8.945 14
v 19.876 8.135 14
v 15.28 9.529 14
v 12.901 9.882 14
v 23.719 -0.257 14
v 27.824 2.824 14
v 29.439 1.043 14
v 26.043 4.439 14
v 19.995 -1.24 14
v -5.3658433 -20.063837 14
v 19.304 -1.182 14
v -5.345684 -20.34421 14
v 24.111 5.871 14
v 22.049 7.107 14
v 17.446 -1.5 14
v 16.595158 -1.3383158 14
v 16.384 -1.3280301 14
v 18.243 -3.227 14
v 18.687 -3.738 14
v -8.088469 -20.61876 14
v -2.7 -23.388 14
v -2.65 -24.069 14
v -2.427116 -24.576 14
v -2.96 -22.76 14
v 23.108 -4.097 14
v -0.31152466 -22.707483 14
v -2.305 -21.813 14
v 20.623 -4.335 14
v -1.9800309 -22.140747 14
v 24.222 -6.46 14
v 20.878986 -8.192 14
v -5.18 -21.514 14
v -4.871 -22.128 14
v -4.237 -22.346 14
v -5.521 -23.564 14
v -5.466 -24.246 14
v -5.691 -22.903 14
v -6.178 -22.439 14
v 21.208 -6.265 14
v 21.802 -6.599 14
v -8.057 -20.978 14
v -6.857 -22.349 14
v 23.786 -5.943 14
v -10.765 -21.36 14
v -8.250631 -24.113684 14
v -8.35 -23.259 14
v 3.388 8.945 14
v -8.637 -22.643 14
v -9.259 -22.368 14
v -2.377 -24.69 14
v 23.413 -7.514 14
v -3.652 -27.845 14
v -4.096 -27.814888 14
v -8.145 -26.67 14
v -7.953 -27.322 14
v -7.639222 -27.574583 14
v -5.4482107 -25.363474 14
v -5.4499044 -25.247622 14
v -5.4534736 -25.003473 14
v -5.414 -26.295 14
v -5.4397893 -25.542685 14
v -5.452 -29.107 14
v -5.36 -29.785 14
v -5.289189 -29.878027 14
v -4.952 -30.321 14
v -2.711 -31.514 14
v -2.664 -32.199 14
v -3.002 -30.904 14
v -4.298 -30.529 14
v 31.884684 -20.459316 14
v -8.439 -30.043 14
v -1.049 7.107 14
v 1.124 8.135 14
v 26.390789 -19.617737 14
v 0.959 -1.252 14
v -5.043 -33.439 14
v 1.649 -1.185 14
v 0.378 -1.603 14
v 31.8831 -20.48 14
v -9.871 -28.111 14
v -3.111 5.871 14
v -6.824 -31.824 14
v -5.043 4.439 14
v -6.824 2.824 14
v -3.111 -34.871 14
v -1.049 -36.107 14
v 18.25537 -6.745053 14
v 34.529 -9.72 14
v 31.988 -11.398 14
v 34.882 -12.099 14
v 33.945 -7.388 14
v 33.135 -5.124 14
v 32.107 -2.951 14
v 35 -14.5 14
v 34.529 -19.28 14
v 34.882 -16.901 14
v 14.950052 -6.6705265 14
v 30.871 -0.889 14
v 31.93937 -9.640632 14
v 31.935158 -9.369316 14
v 31.925947 -9.102473 14
v 31.867 -8.317 14
v 31.860432 -8.273407 14
v 26.449 -16.187 14
v 26.448473 -12.631316 14
v 26.419737 -10.492263 14
v 26.41 -9.862 14
v 29.223211 -12.964737 14
v 29.198 -10.401 14
v 16.923422 -15.962421 14
v 17.321316 -16.333473 14
v 17.3713 -16.37573 14
v 17.754211 -9.378053 14
v 17.80257 -9.377045 14
v 18.120264 -9.370421 14
v 18.891 -9.352 14
v 19.586 -9.297 14
v 20.257 -9.152 14
v 20.784 -8.726 14
v 19.436 -15.295 14
v 18.048 -13.766 14
v 23.668684 -11.81521 14
v 23.643631 -10.299526 14
v 23.641739 -10.210546 14
v 23.604939 -9.378053 14
v 23.607841 -9.443737 14
v 23.633104 -9.80479 14
v 17.014845 -6.698533 14
v 13.897684 -6.658421 14
v 12.206632 -6.66 14
v 15.295421 -1.2431053 14
v 13.500474 -1.2084737 14
v 12.951 -1.199 14
v 7.6013684 -1.2018421 14
v 11.44179 -1.2011052 14
v 6.062105 -1.235 14
v 5.65 -1.245 14
v 4.262 -1.351 14
v 3.574 -1.493 14
v 2.314 -1.007 14
v 2.344 -3.72 14
v 3.011 -1.861 14
v 6.698 -6.66 14
v 3.914 -6.699 14
v 2.8912632 -6.7432103 14
v 2.616 -6.7532105 14
v 2.5717778 -6.757021 14
# 1554 vertices

vn 0 0 -1
vn 0 0 1
vn -0.99982 0.018974686 0
vn -0.6176953 -0.78641754 0
vn -0.30759066 -0.9515188 0
vn 0.49903655 -0.86658096 0
vn 0.48090532 -0.8767725 0
vn -0.092954785 0.9956703 0
vn -0.9781251 0.20801756 0
vn 0.9141153 -0.40545437 0
vn 0.99732333 -0.07311755 0
vn 0.9293866 -0.36910766 0
vn -0.96202344 0.27296677 0
vn -0.9922328 0.12439497 0
vn -0.99818623 0.060201894 0
vn 0.96449393 -0.264105 0
vn 0.9963927 -0.08486164 0
vn 0.99984646 -0.017524086 0
vn 0.66103053 -0.750359 0
vn -0.4565543 0.8896955 0
vn -0.9869424 0.16107368 0
vn -0.87918895 -0.4764732 0
vn -0.33726516 -0.9414097 0
vn -0.06766563 -0.9977081 0
vn 0.9908658 0.13485156 0
vn 0.4043641 0.9145981 0
vn 0.053315118 0.9985777 0
vn 0.9909189 0.13446097 0
vn 0.79570425 0.60568535 0
vn 0.9619133 0.27335477 0
vn 0.30308336 0.95296407 0
vn 0.68085814 0.7324153 0
vn 0.46701306 0.8842504 0
vn 0.08066117 0.9967416 0
vn 0.9976544 0.0684522 0
vn 0.90255946 0.43056524 0
vn 0.3306763 -0.94374424 0
vn 0.14203003 0.9898623 0
vn 0.89367175 -0.44872126 0
vn 0.03353817 0.99943745 0
vn 0.81790954 -0.5753468 0
vn 0.024860796 0.99969083 -0.0004768089
vn 0.43609458 -0.89990085 0
vn -0.9972838 -0.07365464 0
vn 0.99293905 -0.11862546 0
vn -0.9457007 -0.32503867 0
vn -0.4855184 -0.87422645 0
vn -0.1529244 -0.9882379 0
vn -0.025423642 -0.99967676 0
vn -0.048862427 -0.9988055 0
vn -0.013677615 -0.99990565 -0.001288992
vn 0.9922551 0.124216735 0
vn 0.10093121 -0.99489343 0
vn 0.9772566 0.21206023 0
vn 0.1999882 0.9797983 0
vn -0.7393251 0.6733486 0
vn 0.08407329 0.9964596 0
vn 0.7275894 0.68601286 0
vn 0.2497024 0.96832263 0
vn 0.080430225 0.99676025 0
vn 0.01621924 0.99986845 0
vn 0.09079563 -0.9958695 0
vn -0.20873155 -0.977973 0
vn 0.26914424 -0.9630999 0
vn -0.07889002 -0.996883 0.0008153227
vn 0.76579225 -0.64308804 0
vn -0.74446815 0.667658 0
vn 0.97663826 0.21489005 0
vn 0.5372564 0.84341896 0
vn 0.9193735 -0.39338577 0
vn 0.19832663 0.980136 0
vn 0.09720512 0.99526435 0
vn -0.10093121 0.99489343 0
vn -0.24834041 0.9686728 0
vn -0.7056551 0.70855546 0
vn -0.9864337 -0.16416024 0
vn -0.31796953 0.9481009 0
vn -0.8308885 0.5564389 0
vn 0.9784244 0.20660543 0
vn -0.99784917 0.06555213 0
vn 0.945091 -0.32680717 0
vn 0.931418 0.3639512 0
vn 0.4524774 0.89177585 0
vn -0.013667787 0.9999066 -0.00014364428
vn -0.045862727 0.9989475 -0.000730032
vn 0.54269934 0.839927 0
vn -0.98464984 0.17454152 0
vn -0.100786634 -0.99490803 0
vn -0.049604483 -0.9987672 -0.0018756319
vn -0.57050574 -0.8212936 0
vn -0.6935557 -0.720403 0
vn -0.23304649 -0.9724656 0
vn -0.0746116 -0.99721265 0
vn 0.09809598 0.9951767 0.000775714
vn -0.99731547 0.073224336 0
vn 0.08650519 -0.9962514 0
vn 0.0065715993 0.9999783 0.00038270917
vn -0.004238533 0.999991 -0.0001188542
vn 0.98889315 -0.14862828 0
vn 0.076256365 0.99708796 0.00076279085
vn 0.0030666862 0.9999953 0
vn -0.019692527 -0.99980605 -0.00027077226
vn -0.00042616657 -0.9999998 -0.00035869767
vn -0.20418556 0.9789322 0
vn -0.52773184 0.8494111 0
vn -0.024130901 0.99970883 6.440955E-05
vn 0.49297556 -0.87004316 0
vn -0.024912393 0.99968964 0
vn -0.078946486 0.99687886 0
vn -0.0073219794 0.9999732 0.00027250976
vn -0.024130901 0.9997088 -0.00018941851
vn -0.033954766 0.99942327 0.00044083872
vn -0.9999982 -0.0018860773 0
vn -0.08667071 0.99623704 0
vn -0.9964975 -0.08362217 0
vn -0.20962921 0.97778094 0
vn -0.6963993 -0.7176545 -0.00014884777
vn -0.69679135 -0.7172739 0
vn 0.012124188 -0.9999265 0
vn -0.67817694 -0.7348987 -0.0001487448
vn 0.02875128 -0.99958616 0.00094445434
vn 0.03905065 -0.99923724 0
vn 0.075867645 -0.9971176 -0.0007889094
vn 0.9999968 -0.002543712 0
vn 0.1999882 -0.9797983 0
vn -0.013687478 0.9999063 -0.00018635445
vn -0.018809985 0.9998231 0
vn -0.07614715 0.9970966 0
vn -0.23168537 0.9727908 0
vn -0.69430137 0.7196844 0
vn -0.6642716 -0.7474913 0
vn -0.9864335 0.1641602 0.00062297186
vn -0.70587164 0.70833975 -5.5466913E-05
vn -0.9891402 0.14697477 0
vn -0.20902993 0.97790927 0
vn -0.5711936 0.8208154 0
vn 0.6969988 -0.7170723 0
vn -0.22412023 -0.9745615 0
vn -0.08376257 -0.99648577 0
vn 0.71747106 -0.69658834 0
vn -0.73140764 -0.6819405 0
vn -0.025903014 -0.9996645 0
vn 0.5452445 -0.83827704 0
vn 0.97865945 -0.20548892 0
vn -0.0010460245 -0.99999946 0
vn 0.99141926 -0.13072047 0
vn -0.71255934 0.70161176 0.0002460327
vn 0.035280615 0.99937737 -0.00036246947
vn -0.7138691 0.7002792 0
vn 0.03598244 0.9993524 -0.00029843964
vn 0.008059612 0.9999675 0.00021909417
vn -0.0027772158 0.99999607 -0.00038635667
vn 0.04774663 0.99885947 -0.00029120417
vn 0.02303536 0.99973464 0
vn 0.02085877 0.9997824 0.00019897222
vn 0.002761149 0.9999962 -6.292514E-05
vn -0.0062727463 0.99998033 0.00014295259
vn -0.017230567 -0.9998515 0
vn -0.002877686 -0.9999959 0
vn -0.079716675 0.99681747 -0.00038561854
vn 0.007183722 -0.99997413 0.0004075061
vn 0.09762802 -0.995223 0
vn -0.9834186 0.18135005 0
vn 0.016281366 -0.99986744 0
vn 0.080430225 -0.99676025 0
vn 0.2445782 -0.9696296 0
vn -0.04742858 0.9988746 0
vn -0.1529244 0.9882379 0
vn -0.4826507 0.87581295 0
vn -0.07350008 0.9972952 0
vn -0.945091 0.32680717 0
vn -0.74527925 0.6667523 -0.00048203015
vn -0.43609458 0.89990085 0
vn -0.77479935 0.63220716 0.00034261943
vn -0.8878438 0.46014497 0
vn -0.7787803 0.6272968 0
vn -0.9972838 0.07365464 0
vn 0.65616435 -0.754618 0.0002655809
vn 0.032580968 -0.9994691 0
vn 0.65891415 -0.7522181 0
vn 0.6877447 -0.7259527 0
vn 0.46246535 -0.8866374 0
vn 0.99814546 -0.06087147 0.0005564123
vn 0.99933654 -0.03641897 0.00033229435
vn 0.9349806 -0.354699 0
vn 0.9999812 -0.0061241193 -0.00020683868
vn 0.9997041 -0.02431187 -0.000758428
vn -0.3306763 0.94374424 0
vn -0.81790954 0.5753468 0
vn 0.9991644 -0.04087159 0
vn -0.9729324 0.23108985 0
vn -0.99293905 0.11862546 0
vn 0.9995315 -0.030597903 -0.0007413282
vn 0.9999404 -0.010915529 0
vn -0.028006244 0.9996075 -0.0007117214
vn -0.99435306 0.10612248 0
vn -0.99867105 0.05153804 0
vn -0.99986506 0.016427137 0
vn -0.46246535 0.8866374 0
vn -0.9999998 0.0005839415 0
vn 0.3660617 -0.93059057 0
vn 0.9452641 -0.32630634 0
vn 0.33825874 -0.94105315 0
vn 0.98989093 -0.14183076 0
vn 0.8562806 -0.5165109 0
vn 0.89144593 -0.45312703 0
vn 0.9895373 -0.14427717 0
vn 0.013667787 -0.9999066 -0.00014364428
vn 0.99948114 -0.03220984 0
vn -0.81292343 0.5823706 0
vn 0.045862727 -0.9989475 -0.000730032
vn -0.9760485 0.21755297 0
vn 0.14644459 -0.9892189 0
vn -0.71747106 0.69658834 0
vn 0.07889005 -0.99688333 0
vn 0.9976544 -0.0684522 0
vn -0.99141926 0.13072047 0
vn 0.9858008 -0.16791907 0
vn 0.99756896 -0.06968313 0.000667298
vn -0.1612325 0.9869164 0
vn 0.999871 0.016056323 -0.00031828397
vn -0.71451044 0.6996248 0
vn 0.99968946 0.024918946 0
vn -0.97174895 0.23601699 0
vn 0.99970853 0.024133418 -0.00061080256
vn -0.5090898 -0.8607134 0
vn 0.08730899 0.99618125 0
vn -0.9999993 -0.001108982 -0.00043370217
vn -0.040507264 -0.9991792 -0.00026791648
vn -0.99986327 -0.016534705 0
vn -0.9997265 -0.023385415 0.0003695511
vn -0.99676394 -0.08038419 0
vn 0.9980439 -0.06251404 0.0006024915
vn -0.68980366 -0.7239965 0
vn -0.831362 -0.55573124 0
vn -0.19804765 -0.98019236 0
vn 0.07889002 0.996883 0.0008153227
vn -0.13139862 -0.9913296 0
vn 0.99997985 -0.006345979 0.00020188949
vn 0.20873155 0.977973 0
vn 0.9972075 0.07468074 0
vn 0.99999774 -0.0021370326 -0.00013463305
vn 0.23337296 -0.9723873 0
vn 0.9286795 0.3708831 0
vn 0.528939 0.8486598 0
vn 0.61303604 -0.79005474 0.0005818019
vn 0.0996467 0.9950229 0
vn -0.9772566 -0.21206023 0
vn -0.54269934 -0.839927 0
vn -0.8863217 -0.46306995 0
vn 0.985772 0.1680877 0
vn -0.432589 -0.90159124 0
vn 0.9897121 0.14307314 0
vn -0.9978278 -0.065876015 0
vn 0.7837459 0.62108165 0
vn -0.94315606 -0.33235022 0
vn 0.2894825 0.9571833 0
vn -0.53572273 -0.84439397 0
vn -0.20902993 -0.97790927 0
vn 0.4869145 -0.8734496 0
vn -0.07960267 -0.9968263 0.00088087586
vn 0.93455786 -0.35581115 0
vn -0.98467225 -0.17441504 0
vn -0.25856665 -0.9659934 0
vn -0.5199002 -0.854227 0
vn 0.078946486 -0.99687886 0
vn -0.095081024 -0.9954695 0
vn -0.0016738379 0.99999857 -0.00016649024
vn 0.74659306 0.66528094 0
vn -0.99732333 -0.07311755 0
vn -0.91277486 -0.40846306 0
vn -0.007902052 0.99996877 0
vn -0.9251951 -0.3794918 0
vn -0.018335018 0.9998315 0.00090800563
vn -0.0031306916 0.9999951 0.00010088242
vn 0.7644509 0.644682 0
vn 0.26876763 0.96320504 0
vn -0.057707135 0.9983334 -0.0005345503
vn -0.09809598 -0.9951767 0.000775714
vn -0.072378606 0.9973772 0
vn 0.98459065 0.17487505 0
vn 0.9958095 0.09145189 0
vn 0.052648935 -0.99861294 0.00049127964
vn -0.64561546 -0.7636626 -0.00037561829
vn 0.6270535 0.7789762 0
vn -0.65087104 -0.75918835 0
vn 0.031932585 0.9994899 -0.00045764438
vn 0.7115123 0.7026736 0
vn 0.21847235 0.97584313 0
vn 0.097935036 0.9951928 0
vn -0.57753533 -0.8163657 0
vn -0.50323236 -0.8641512 0
vn -0.99941295 -0.034259994 0
vn -0.9998931 -0.01461832 -0.00010371314
vn -0.54030985 -0.8414661 0
vn 0.9991382 -0.041507225 0
vn 0.86003315 0.5102382 0
vn -0.08407329 -0.9964596 0
vn 0.80280393 0.5962431 0
vn 0.78421074 0.62049365 0.0010977233
vn -0.035982445 -0.9993524 0
vn -0.004447889 -0.9999901 0
vn -0.9992456 0.03883582 0
vn -0.019882401 -0.99980074 -0.0017668429
vn -0.9996958 0.024587987 -0.0019318258
vn -0.9999901 0.00445182 0
vn 0.7671298 0.64149195 0
vn -0.99999845 0.0016694465 -0.000526315
vn 0.100786634 0.99490803 0
vn 0.049604483 0.9987672 -0.0018756319
vn 0.14222582 0.98983425 0
vn 0.019692527 0.99980605 -0.00027077226
vn 0.9092511 -0.41624805 0
vn 0.9972075 -0.07468074 0
vn 0.017230567 0.9998515 0
vn -0.08718468 0.99619216 0
vn 0.0014384335 0.999999 0
vn -0.26876763 0.96320504 0
vn -0.9922551 -0.124216735 0
vn -0.76579225 0.64308804 0
vn -0.3114653 -0.95025754 0
vn -0.9857513 0.16820942 0
vn -0.13537025 -0.9907951 0
vn -0.6816703 0.7316595 0
vn -0.1999882 -0.9797983 0
vn -0.7275894 -0.68601286 0
vn -0.2497024 -0.96832263 0
vn -0.080430225 -0.99676025 0
vn -0.024860796 -0.99969083 -0.0004768089
vn -0.01621924 -0.99986845 0
vn 0.6935557 0.720403 0
vn 0.57050574 0.8212936 0
vn 0.23304649 0.9724656 0
vn -0.086629614 0.9962406 0
vn 0.9996523 -0.026364457 0.00031533279
vn 0.999761 -0.021860663 0.00023448438
vn -0.49297556 0.87004316 0
vn 0.11440424 -0.9934343 0
vn -0.9146612 0.40422127 0
vn 0.19359617 -0.9810813 0
vn 0.4565543 -0.8896955 0
vn 0.8979436 -0.44011053 0
vn 0.68315715 -0.7302714 0
vn 0.9729324 -0.23108985 0
vn -0.99959326 -0.028518023 0
vn -0.07381837 0.9972717 0
vn -0.3092502 0.9509807 0
vn -0.86512136 0.50156265 0
vn -0.96449393 0.264105 0
vn 0.9994507 -0.033140596 -0.00027917052
vn -0.99955374 0.029870044 0.00039298856
vn -0.68315715 0.7302714 0
vn -0.9986972 0.051028326 0
vn 0.9996142 -0.02776706 -0.00066933234
vn -0.9999032 0.013847056 -0.0013427042
vn 0.3092502 -0.9509807 0
vn 0.99262893 0.121193066 0
vn 0.9999032 -0.013847056 -0.0013427042
vn 0.24662973 0.9691098 0
vn -0.091698356 -0.99578685 0
vn 0.89355373 -0.44895625 0
vn 0.9961852 0.087264255 0
vn 0.9842909 -0.17655441 0
vn 0.99999183 -0.0040379236 -0.0002543892
vn -0.8234013 0.5674595 0
vn -0.8856056 0.4644381 0
vn -0.9942923 0.10669009 0
vn 0.71451044 -0.6996248 0
vn 0.97174895 -0.23601699 0
vn 0.99955374 -0.029870044 0.00039298856
vn 0.54508895 -0.83837825 0
vn 0.6002331 -0.79982513 0
vn 0.9760485 -0.21755297 0
vn 0.632081 -0.7749023 -0.0003047905
vn -0.5446736 0.83864814 0
vn -0.9452641 0.32630634 0
vn -0.98932827 -0.14570372 0
vn -0.9963927 0.08486164 0
vn -0.9895373 0.14427717 0
vn -0.99948114 0.03220984 0
vn -0.0071734167 -0.99997425 0
vn -0.99984646 0.017524086 0
vn 0.98847246 -0.15140079 0
vn 0.9968525 -0.0792784 0
vn -0.9998925 0.01466118 0.00023874575
vn 0.010991222 0.99993956 0.00029679056
vn 0.009295746 0.9999566 0.0005757771
vn -0.9999977 0.0021287869 -0.00032525623
vn 0.99696213 -0.07788767 0
vn 0.9997261 -0.023402514 0
vn 0.99999994 -0.00041727515 0
vn 0.99435306 -0.10612248 0
vn -0.028164562 0.9996032 -0.0003550594
vn 0.9999056 -0.013725339 -0.00064100255
vn -0.0023028147 -0.9999974 0
vn -0.0017517491 -0.99999845 -0.0001007585
vn 0.010014672 -0.9999498 0.000222511
vn -0.9999734 0.007291093 -0.00018607637
vn 0.013135681 -0.9999137 -0.00023305295
vn 0.059308443 -0.9982397 0
vn -0.9999387 -0.011069433 0
vn 0.07392508 0.9972638 0
vn 0.05905978 0.9982543 0.00054093904
vn -0.27932954 0.9601953 0
vn 0.07381837 -0.9972717 0
vn -0.9328883 -0.36016575 0
vn -0.11440424 0.9934343 0
vn -0.66103053 0.750359 0
vn 0.9978678 0.06526752 0
vn 0.9193735 0.39338577 0
vn 0.503871 0.8637789 0
vn 0.09092613 0.99585766 0
vn -0.19359617 0.9810813 0
vn 0.85560656 0.51762676 0
vn 0.2701147 0.96282816 0
vn 0.3365194 0.94167656 0
vn -0.9858108 -0.16786024 0
vn 0.86512136 -0.50156265 0
vn 0.9869424 -0.16107368 0
vn 0.9986972 -0.051028326 0
vn -0.99918836 -0.04028193 0
vn -0.9968922 -0.0787774 0
vn -0.7757975 0.630982 0
vn -0.737399 -0.6754575 0
vn -0.103933334 0.99458426 0
vn -0.23809233 0.97124255 0
vn -0.7352552 0.67779034 0
vn -0.23946111 -0.97090596 0
vn -0.9858108 0.16786024 0
vn -0.9908658 -0.13485156 0
vn 0.09156771 -0.9957988 0
vn -0.10536094 -0.99443406 0
vn 0.5164418 -0.8563223 0
vn 0.9244645 -0.38126802 0
vn 0.32516313 -0.9456579 0
vn -0.99785537 -0.06545699 0
vn -0.82197577 -0.5695225 0
vn -0.7204588 0.6934978 0
vn -0.77448386 -0.6325937 0
vn -0.9668652 0.25528762 0
vn -0.2779874 -0.9605847 0
vn -0.9928977 0.11897147 0
vn -0.07093839 -0.9974807 0
vn -0.08793588 -0.9961261 0
vn 0.1612325 -0.9869164 0
vn -0.057029225 -0.9983724 0.00050669006
vn 0.8863217 0.46306995 0
vn -0.02378452 -0.9997171 0
vn 0.99706316 -0.07658388 0
vn -0.01673405 -0.9998595 -0.00096749235
vn 0.99982 -0.018974686 0
vn 0.9864337 0.16416024 0
vn 0.81292343 -0.5823706 0
vn 0.0746116 0.99721265 0
vn -0.7115123 -0.7026736 0
vn -0.054989137 0.99848694 0
vn -0.21847235 -0.97584313 0
vn -0.097935036 -0.9951928 0
vn 0.20902993 -0.97790927 0
vn 0.013687478 -0.9999063 -0.00018635445
vn 0.028006244 -0.9996075 -0.0007117214
vn 0.04742858 -0.9988746 0
vn -0.9038869 -0.42777145 0
vn 0.1529244 -0.9882379 0
vn -0.3607841 -0.9326494 0
vn 0.4826507 -0.87581295 0
vn -0.081623286 -0.9966633 0
vn 0.5651172 0.82501066 0
vn 0.87918895 0.4764732 0
vn 0.5711936 -0.8208154 0
vn 0.21513177 0.97658503 0
vn 0.33726516 0.9414097 0
vn 0.095308825 0.99544775 0
vn 0.018809985 -0.9998231 0
vn 0.087746866 0.99614275 0.00041515095
vn 0.07614715 -0.9970966 0
vn 0.04452804 0.9990081 0
vn 0.23168537 -0.9727908 0
vn 0.69430137 -0.7196844 0
vn 0.037473656 0.9992975 -0.0005173994
vn 0.9864337 -0.16416024 0
vn -0.07586766 0.9971178 -0.0003964513
vn -0.08312547 0.9965391 0
vn -0.1999882 0.9797983 0
vn 0.9999801 -0.006306812 -0.00017061587
vn -0.5452445 0.83827704 0
vn -0.003385985 -0.9999942 -0.00021361407
vn 0.0050340965 -0.9999873 5.5829267E-05
vn 0.006388285 -0.9999796 -9.905204E-05
vn 0.024130901 -0.99970883 6.440955E-05
vn 0.024912393 -0.99968964 0
vn -0.0027156442 0.999996 0.0007599768
vn -0.02875129 0.99958646 0.0004714707
vn -0.03517936 0.999381 0
vn 0.99999386 0.0035066996 9.4865456E-05
vn 0.99689204 0.07877739 -0.0006226806
vn 0.98883975 0.14898324 0
vn 1 0 0
vn 0.9985359 0.05409345 0
vn 0.9921446 0.12509649 0
vn -0.9999551 -0.009474793 -0.00018370358
vn -0.99927306 -0.038123403 0
vn -0.9961852 -0.087264255 0
vn 0.0010471198 -0.99999946 0
vn 0.74042165 0.6721421 0.0008426754
vn -0.9990231 -0.044161137 0.0016492506
vn -0.931418 -0.3639512 0
vn -0.99602175 -0.08911017 0
vn 0.9972838 0.07365464 0
vn 0.9457007 0.32503867 0
vn 0.4855184 0.87422645 0
vn 0.1529244 0.9882379 0
vn 0.9592717 0.28248492 0
vn 0.025423642 0.99967676 0
vn 0.048862427 0.9988055 0
vn 0.013677615 0.99990565 -0.001288992
vn -0.99889755 -0.04693792 -0.000682221
vn -0.3660617 0.93059057 0
vn -0.9884054 -0.15183777 0
vn -0.98989093 0.14183076 0
vn -0.89144593 0.45312703 0
vn 0.9383431 0.34570536 0
vn 0.9991508 0.041202094 0
vn 0.508829 0.8608676 0
vn 0.9064461 0.4223215 0
vn -0.97799283 -0.20863847 0
vn -0.08066117 -0.9967416 0
vn -0.999871 -0.016056323 -0.00031828397
vn -0.99968946 -0.024918946 0
vn -0.9958095 -0.09145189 0
vn -0.9996523 0.026364457 0.00031533279
vn -0.99970853 -0.024133418 -0.00061080256
vn -0.999761 0.021860663 0.00023448438
vn -0.99776584 0.066808194 0
vn -0.96848285 -0.2490803 0
vn -0.9985976 0.052939452 0.0005034782
vn -0.9992353 0.039100513 0
vn -0.99984473 0.017621284 0
vn -0.9999949 0.003192322 -0.00017221738
vn -0.9999842 -0.0056126337 0.0003027868
vn 0.9098093 0.41502663 0
vn 0.4826507 0.87581295 0
vn 0.07350008 -0.9972952 0
vn 0.99867105 -0.05153804 0
vn 0.999796 -0.020197898 0
vn 0.5296011 -0.8482468 0
vn -0.4524774 -0.89177585 0
vn -0.14203003 -0.9898623 0
vn -0.9970803 0.076359615 0
vn -0.03353817 -0.99943745 0
vn -0.99814546 0.06087147 0.0005564123
vn 0.24834041 -0.9686728 0
vn -0.99933654 0.03641897 0.00033229435
vn 0.74593765 -0.66601574 0
vn 0.98573047 -0.16833131 0
vn -0.9997041 0.02431187 -0.000758428
vn -0.9999743 0.007167323 -0.00020614786
vn -0.8979436 0.44011053 0
vn -0.99999976 -0.00065019494 0
vn -1 0 5.2631578E-05
vn 0.9999998 -0.00044923622 0.0004372014
vn 0.9999965 -0.0026532144 0
vn 0.99996567 0.008287008 0
vn -0.99997276 -0.007382143 0
vn -0.99960274 -0.028171506 0.00088277535
vn -0.9974249 -0.07171507 -0.0006843359
vn -0.9992792 -0.037962098 0
vn 0.0836422 0.99649584 0
vn -0.9958812 -0.0906676 0
vn 0.99999994 0.00036516337 0.00019738042
vn 0.9998934 0.014593941 -0.000314878
vn 0.99969906 0.024524841 0.00058131095
vn -0.102211505 -0.9947627 0
vn 0.998575 0.05336455 -0.0004692002
vn 0.99778515 0.06651901 0
vn -0.048652824 -0.9988138 -0.0019629833
vn 0.99927306 0.038123403 0
vn -0.75485986 -0.65588605 0
vn -0.99731547 -0.073224336 0
vn -0.9154454 -0.4024422 0
vn -0.9239451 -0.38252506 0
vn -0.51536167 -0.8569728 0
vn 0.9858522 0.16761693 0
vn 0.7424111 0.66994464 0
vn 0.96601397 0.25848997 0
vn 0.7101093 0.7040914 0
vn 0.9845456 -0.17512845 0
vn -0.98424494 -0.17681046 0
vn -0.8932603 -0.44953978 0
vn -0.32516313 -0.9456579 0
vn 0.99676394 0.08038419 0
vn -0.9852981 -0.17084391 0
vn 0.96848285 0.2490803 0
vn 0.68980366 0.7239965 0
vn -0.4901219 -0.8716539 0
vn 0.97799283 0.20863847 0
vn 0.831362 0.55573124 0
vn 0.19804765 0.98019236 0
vn 0.13139862 0.9913296 0
vn -0.98883975 -0.14898324 0
vn -0.9383431 -0.34570536 0
vn -0.9991508 -0.041202094 0
vn -0.508829 -0.8608676 0
vn -0.9064461 -0.4223215 0
vn -0.4043641 -0.9145981 0
vn -0.053315118 -0.9985777 0
vn -0.49360552 -0.8696859 0
vn 0.432589 0.90159124 0
vn 0.06766563 0.9977081 0
vn -0.9592717 -0.28248492 0
vn 0.5062482 -0.86238784 0
vn -0.53171897 0.84692085 0
vn -0.6270535 -0.7789762 0
vn -0.13697894 0.99057394 0
vn -0.9298905 0.36783645 0
vn 0.9998931 0.01461832 -0.00010371314
vn 0.99986327 0.016534705 0
vn 0.99941295 0.034259994 0
vn 0.99889755 0.04693792 -0.000682221
vn 0.9884054 0.15183777 0
vn 0.8878438 -0.46014497 0
vn 0.9972838 -0.07365464 0
vn -0.016281366 0.99986744 0
vn -0.9909189 -0.13446097 0
vn -0.032580968 0.9994691 0
vn -0.79570425 -0.60568535 0
vn -0.9784244 -0.20660543 0
vn -0.14644459 0.9892189 0
vn -0.9976544 -0.0684522 0
vn -0.90255946 -0.43056524 0
vn -0.30308336 -0.95296407 0
vn -0.9349806 0.354699 0
vn -0.9976544 0.0684522 0
vn -0.46701306 -0.8842504 0
vn 0.14121962 -0.9899783 0
vn 0.99785537 -0.06545699 0
vn -0.080430225 0.99676025 0
vn -0.2445782 0.9696296 0
vn -0.97865945 0.20548892 0
vn 0.054989137 -0.99848694 0
vn 0.5446736 -0.83864814 0
vn 0.9970803 -0.076359615 0
vn 0.37139067 -0.9284767 0
vn 0.90700895 -0.42111132 0
vn 0.99609566 -0.08828027 0
vn -0.99706316 0.07658388 0
vn 0.80338037 0.5954662 0
vn 0.74078643 0.67174065 0
vn 0.67174065 0.74078643 0
vn 0.5954662 0.80338037 0
vn 0.5141287 0.85771304 0
vn 0.013562673 0.99990803 0
vn 0.42763925 0.9039495 0
vn 0.33686325 0.9415536 0
vn 0.2429271 0.97004455 0
vn 0.1467747 0.98916996 0
vn 0.049086943 0.9987945 0
vn -0.049086943 0.9987945 0
vn 0.9999915 0.0041265124 0
vn -0.1467747 0.98916996 0
vn -0.2429271 0.97004455 0
vn -0.33686325 0.9415536 0
vn 0.99987847 0.015517027 0.0015254667
vn -0.42763925 0.9039495 0
vn 0.9994048 0.03449622 0.000171703
vn -0.5141287 0.85771304 0
vn -0.5954662 0.80338037 0
vn -0.67174065 0.74078643 0
vn 0.99961734 0.027662367 0
vn -0.74078643 0.67174065 0
vn 0.99772507 0.06741386 0
vn 0.74078643 -0.67174065 0
vn 0.80338037 -0.5954662 0
vn 0.85771304 -0.5141287 0
vn 0.9039495 -0.42763925 0
vn 0.9415536 -0.33686325 0
vn 0.9999999 0.0005089058 -9.165661E-05
vn 0.97004455 -0.2429271 0
vn 0.98916996 -0.1467747 0
vn 0.9987945 -0.049086943 0
vn 0.9987945 0.049086943 0
vn 0.99990976 0.013433166 0.00025390676
vn 0.98916996 0.1467747 0
vn 0.97004455 0.2429271 0
vn 0.9998807 0.015447008 0
vn 0.9415536 0.33686325 0
vn 0.9039495 0.42763925 0
vn 0.85771304 0.5141287 0
vn 0.049086943 -0.9987945 0
vn 0.1467747 -0.98916996 0
vn 0.2429271 -0.97004455 0
vn -0.99999994 -0.000243309 0.0001491228
vn 0.33686325 -0.9415536 0
vn 0.42763925 -0.9039495 0
vn 0.5141287 -0.85771304 0
vn -0.9999376 -0.011169774 0
vn 0.5954662 -0.80338037 0
vn 0.67174065 -0.74078643 0
vn -0.42763925 -0.9039495 0
vn -0.33686325 -0.9415536 0
vn -0.6820079 -0.73134464 0.0005155155
vn -0.2429271 -0.97004455 0
vn -0.1467747 -0.98916996 0
vn -0.049086943 -0.9987945 0
vn -0.80338037 0.5954662 0
vn -0.85771304 0.5141287 0
vn -0.9039495 0.42763925 0
vn -0.9415536 0.33686325 0
vn 0 -1 0.00021052631
vn -0.97004455 0.2429271 0
vn -0.98916996 0.1467747 0
vn 0.020843782 -0.99978274 -0.0001679986
vn -0.9987945 0.049086943 0
vn -0.9987945 -0.049086943 0
vn -0.98916996 -0.1467747 0
vn -0.97004455 -0.2429271 0
vn -0.9415536 -0.33686325 0
vn -0.9039495 -0.42763925 0
vn 0.02389375 -0.9997145 0
vn -0.85771304 -0.5141287 0
vn -0.80338037 -0.5954662 0
vn 0.21121995 -0.97743857 0
vn -0.74078643 -0.67174065 0
vn -0.67174065 -0.74078643 0
vn 0.6286462 -0.7776914 0
vn -0.5954662 -0.80338037 0
vn -0.5141287 -0.85771304 0
vn 0.7715394 0.6361816 0
vn 0.7507712 0.6605623 0
vn 0.72992903 0.68352294 0
vn 0.70761836 0.7065948 0
vn -0.99999285 -0.0037774455 0.00016056854
vn -0.9998634 -0.016526667 -0.00018570755
vn -0.9997737 -0.021271782 0.00019928301
vn -0.9975608 -0.06980017 -0.0006678468
vn 0.011502114 0.9999338 -0.00031987458
vn 0 1 0
vn -0.00093370635 0.9999995 0.0003673889
vn -0.019290334 -0.9998139 -0.00022552193
vn -0.017238818 -0.9998514 0
vn 0.0001918649 -0.99999994 0.0003631397
vn 0.0013949419 -0.99999905 0
vn 0.02153641 -0.999768 -0.00022448244
vn 0.024258504 -0.99970573 0
vn 0.20213488 -0.9793577 0
vn -0.09664689 0.9953187 0
vn -0.25856665 0.9659934 0
vn -0.5170932 0.85592914 0
vn -0.9244645 0.38126802 0
vn -0.7555915 0.6550431 0
vn 0.2802788 -0.9599186 0
vn 0.77710724 -0.6293682 0
vn 0.54712915 -0.8370482 0
vn 0.9782978 -0.20720378 0
vn -0.9887418 -0.14963154 0
vn -0.014007246 0.9999019 0
vn -0.036304917 0.99934065 0.0005036427
vn -0.0858513 0.9963079 -0.00039170365
vn -0.043187335 0.999067 0
# 759 vertex normals

s 1
f 1//1 2//1 3//1
f 4//1 2//1 1//1
f 5//1 2//1 4//1
f 6//1 2//1 5//1
f 7//1 2//1 6//1
f 8//1 2//1 7//1
f 9//1 2//1 8//1
f 10//1 2//1 9//1
f 11//1 2//1 10//1
f 12//1 2//1 11//1
f 13//1 2//1 12//1
f 14//1 2//1 13//1
f 15//2 16//2 17//2
f 18//1 2//1 19//1
f 20//1 2//1 18//1
f 21//1 19//1 2//1
f 22//1 2//1 20//1
f 23//2 24//2 25//2
f 26//2 24//2 23//2
f 27//2 28//2 29//2
f 30//2 28//2 27//2
f 31//2 29//2 28//2
f 32//2 28//2 30//2
f 33//2 28//2 32//2
f 34//1 35//1 36//1
f 35//1 37//1 36//1
f 38//1 36//1 37//1
f 38//1 37//1 39//1
f 38//1 39//1 40//1
f 38//1 40//1 41//1
f 38//1 41//1 42//1
f 38//1 42//1 43//1
f 38//1 43//1 44//1
f 38//1 44//1 45//1
f 38//1 45//1 46//1
f 38//1 46//1 47//1
f 38//1 47//1 48//1
f 48//1 49//1 38//1
f 38//1 2//1 14//1
f 50//2 31//2 28//2
f 51//2 50//2 52//2
f 53//2 54//2 55//2
f 28//2 52//2 50//2
f 56//2 55//2 57//2
f 57//2 58//2 56//2
f 54//2 57//2 55//2
f 23//2 59//2 26//2
f 59//2 60//2 26//2
f 61//2 62//2 63//2
f 64//2 61//2 63//2
f 65//2 66//2 67//2
f 68//2 67//2 66//2
f 69//2 56//2 58//2
f 66//2 69//2 68//2
f 58//2 68//2 69//2
f 70//2 71//2 72//2
f 73//2 74//2 70//2
f 75//3 76//3 77//3
f 78//2 71//2 79//2
f 80//2 71//2 78//2
f 81//2 82//2 83//2
f 84//2 85//2 82//2
f 86//2 87//2 88//2
f 72//2 71//2 80//2
f 89//2 79//2 90//2
f 88//2 89//2 90//2
f 91//4 92//4 93//4
f 90//2 79//2 71//2
f 71//2 70//2 74//2
f 89//2 88//2 87//2
f 87//2 86//2 82//2
f 94//5 95//5 96//5
f 82//2 97//2 98//2
f 94//6 99//6 95//6
f 98//2 97//2 77//2
f 100//2 101//2 102//2
f 103//2 101//2 100//2
f 102//2 101//2 93//2
f 104//2 101//2 96//2
f 93//2 101//2 91//2
f 91//2 101//2 104//2
f 105//2 106//2 94//2
f 96//2 101//2 107//2
f 108//2 99//2 109//2
f 94//2 109//2 99//2
f 108//2 110//2 99//2
f 110//2 111//2 112//2
f 83//7 113//7 81//7
f 99//2 110//2 112//2
f 114//1 38//1 115//1
f 116//1 38//1 114//1
f 117//1 38//1 116//1
f 118//1 38//1 117//1
f 119//1 115//1 38//1
f 49//1 120//1 38//1
f 120//1 121//1 38//1
f 121//1 122//1 38//1
f 122//1 123//1 38//1
f 123//1 124//1 38//1
f 124//1 125//1 38//1
f 119//1 38//1 125//1
f 111//2 126//2 112//2
f 65//2 67//2 127//2
f 67//2 26//2 60//2
f 60//2 127//2 67//2
f 128//2 112//2 126//2
f 129//2 128//2 126//2
f 130//1 131//1 2//1
f 2//1 131//1 132//1
f 2//1 132//1 133//1
f 2//1 133//1 134//1
f 2//1 134//1 135//1
f 2//1 135//1 136//1
f 2//1 136//1 137//1
f 2//1 137//1 138//1
f 2//1 138//1 139//1
f 2//1 139//1 140//1
f 2//1 140//1 141//1
f 2//1 141//1 142//1
f 2//1 142//1 143//1
f 144//1 21//1 2//1
f 143//1 144//1 2//1
f 22//1 3//1 2//1
f 109//2 94//2 106//2
f 145//1 38//1 146//1
f 2//1 38//1 145//1
f 118//1 146//1 38//1
f 81//2 84//2 82//2
f 147//2 82//2 85//2
f 148//2 149//2 150//2
f 151//2 150//2 149//2
f 152//2 153//2 154//2
f 155//2 151//2 149//2
f 156//2 155//2 149//2
f 157//2 158//2 159//2
f 160//2 158//2 157//2
f 161//2 159//2 158//2
f 86//2 83//2 82//2
f 97//2 82//2 147//2
f 162//2 163//2 164//2
f 165//2 163//2 166//2
f 167//2 163//2 165//2
f 162//2 166//2 163//2
f 168//2 164//2 163//2
f 148//2 169//2 149//2
f 160//2 170//2 158//2
f 171//2 94//2 172//2
f 173//2 94//2 171//2
f 174//2 172//2 94//2
f 105//2 94//2 175//2
f 107//2 174//2 94//2
f 94//2 96//2 107//2
f 154//2 169//2 148//2
f 160//2 176//2 170//2
f 175//2 94//2 173//2
f 163//2 177//2 168//2
f 177//2 170//2 176//2
f 176//2 168//2 177//2
f 178//2 179//2 180//2
f 181//2 180//2 182//2
f 182//2 180//2 179//2
f 180//2 183//2 178//2
f 184//2 185//2 186//2
f 187//2 188//2 185//2
f 186//2 185//2 188//2
f 189//2 187//2 185//2
f 185//2 190//2 189//2
f 153//2 152//2 184//2
f 169//2 154//2 153//2
f 152//2 185//2 184//2
f 191//2 189//2 190//2
f 192//2 191//2 190//2
f 192//2 190//2 193//2
f 194//2 195//2 193//2
f 196//2 178//2 183//2
f 183//2 197//2 196//2
f 198//2 53//2 199//2
f 200//2 201//2 198//2
f 201//2 53//2 198//2
f 199//2 53//2 202//2
f 203//2 204//2 205//2
f 206//2 196//2 197//2
f 205//2 207//2 208//2
f 209//2 210//2 211//2
f 212//2 210//2 209//2
f 207//2 28//2 208//2
f 213//2 28//2 33//2
f 214//2 206//2 215//2
f 216//2 217//2 218//2
f 219//2 220//2 156//2
f 221//2 28//2 213//2
f 221//2 222//2 28//2
f 222//2 208//2 28//2
f 215//2 223//2 214//2
f 223//2 224//2 214//2
f 224//2 225//2 214//2
f 226//2 214//2 225//2
f 225//2 227//2 226//2
f 167//2 226//2 227//2
f 167//2 227//2 163//2
f 228//8 229//8 230//8
f 231//2 232//2 204//2
f 233//2 204//2 232//2
f 234//2 231//2 204//2
f 235//2 204//2 233//2
f 234//2 204//2 236//2
f 236//2 204//2 203//2
f 237//2 238//2 239//2
f 240//9 241//9 242//9
f 197//2 215//2 206//2
f 243//2 244//2 245//2
f 244//2 246//2 245//2
f 247//2 243//2 245//2
f 246//2 248//2 245//2
f 75//2 249//2 250//2
f 77//2 97//2 75//2
f 251//2 247//2 245//2
f 252//10 253//10 254//10
f 255//2 256//2 180//2
f 254//11 253//11 257//11
f 248//2 250//2 245//2
f 249//2 245//2 250//2
f 258//2 259//2 260//2
f 261//2 262//2 263//2
f 181//2 255//2 180//2
f 262//2 180//2 256//2
f 263//2 262//2 256//2
f 97//12 264//12 249//12
f 265//2 266//2 267//2
f 268//2 267//2 266//2
f 269//2 270//2 271//2
f 263//2 258//2 261//2
f 204//2 272//2 273//2
f 271//2 270//2 274//2
f 260//2 261//2 258//2
f 274//2 273//2 272//2
f 207//2 205//2 204//2
f 275//2 272//2 204//2
f 276//2 277//2 278//2
f 278//2 279//2 276//2
f 259//2 278//2 277//2
f 277//2 260//2 259//2
f 275//2 204//2 235//2
f 280//2 281//2 282//2
f 283//2 284//2 285//2
f 286//2 283//2 285//2
f 287//2 288//2 289//2
f 285//2 290//2 291//2
f 290//2 292//2 291//2
f 292//2 251//2 245//2
f 245//2 291//2 292//2
f 293//2 276//2 294//2
f 295//2 296//2 294//2
f 297//2 294//2 276//2
f 291//2 286//2 285//2
f 249//2 75//2 97//2
f 173//13 171//13 298//13
f 299//2 300//2 301//2
f 298//14 175//14 173//14
f 279//2 297//2 276//2
f 302//2 303//2 285//2
f 304//2 285//2 303//2
f 284//2 302//2 285//2
f 175//15 305//15 105//15
f 306//2 307//2 308//2
f 208//16 309//16 205//16
f 293//2 294//2 296//2
f 295//2 310//2 296//2
f 311//2 296//2 310//2
f 312//2 313//2 310//2
f 313//2 314//2 310//2
f 311//2 310//2 314//2
f 222//17 315//17 309//17
f 222//17 309//17 208//17
f 316//2 317//2 318//2
f 318//2 317//2 319//2
f 319//2 317//2 320//2
f 320//2 321//2 322//2
f 322//2 323//2 289//2
f 315//18 222//18 221//18
f 310//2 282//2 312//2
f 307//2 324//2 308//2
f 282//2 325//2 280//2
f 281//2 312//2 282//2
f 326//19 327//19 203//19
f 324//2 307//2 328//2
f 329//2 328//2 307//2
f 330//2 308//2 324//2
f 331//2 332//2 333//2
f 334//2 335//2 336//2
f 335//2 337//2 336//2
f 325//2 334//2 336//2
f 336//2 280//2 325//2
f 307//2 101//2 329//2
f 205//19 326//19 203//19
f 337//2 338//2 336//2
f 338//2 339//2 336//2
f 329//2 101//2 340//2
f 332//2 341//2 342//2
f 339//2 343//2 344//2
f 345//2 344//2 343//2
f 344//2 336//2 339//2
f 343//2 346//2 345//2
f 347//2 345//2 346//2
f 348//2 349//2 350//2
f 351//2 350//2 349//2
f 352//2 351//2 349//2
f 353//2 354//2 355//2
f 356//2 354//2 353//2
f 357//2 355//2 354//2
f 358//2 354//2 356//2
f 285//20 359//20 290//20
f 350//2 360//2 348//2
f 361//2 352//2 349//2
f 362//2 363//2 364//2
f 158//2 365//2 364//2
f 366//2 364//2 363//2
f 367//2 368//2 270//2
f 369//2 270//2 370//2
f 371//2 270//2 368//2
f 370//2 270//2 371//2
f 243//21 372//21 244//21
f 373//2 374//2 375//2
f 376//2 375//2 374//2
f 377//2 378//2 322//2
f 379//2 287//2 289//2
f 380//2 381//2 289//2
f 304//2 303//2 381//2
f 379//2 289//2 323//2
f 382//2 377//2 322//2
f 378//2 323//2 322//2
f 383//2 384//2 385//2
f 386//2 383//2 385//2
f 387//2 386//2 385//2
f 385//2 220//2 387//2
f 380//2 289//2 288//2
f 303//2 289//2 381//2
f 384//2 388//2 385//2
f 389//2 385//2 388//2
f 390//22 391//22 392//22
f 388//2 393//2 389//2
f 394//2 389//2 393//2
f 393//2 216//2 394//2
f 218//2 394//2 216//2
f 390//23 392//23 363//23
f 395//2 396//2 397//2
f 382//2 322//2 398//2
f 398//2 322//2 321//2
f 317//2 399//2 400//2
f 401//2 402//2 403//2
f 363//24 362//24 404//24
f 402//2 405//2 406//2
f 407//2 408//2 409//2
f 399//2 317//2 316//2
f 397//2 410//2 411//2
f 412//2 411//2 410//2
f 409//2 413//2 414//2
f 411//2 218//2 397//2
f 397//2 218//2 217//2
f 414//2 400//2 399//2
f 217//2 415//2 397//2
f 415//2 416//2 397//2
f 321//2 320//2 317//2
f 400//2 414//2 413//2
f 417//25 418//25 419//25
f 395//2 397//2 416//2
f 420//2 397//2 396//2
f 396//2 421//2 420//2
f 422//26 423//26 424//26
f 425//2 420//2 421//2
f 421//2 426//2 425//2
f 426//2 427//2 425//2
f 405//2 428//2 406//2
f 429//27 422//27 424//27
f 387//2 220//2 219//2
f 156//2 149//2 219//2
f 427//2 430//2 431//2
f 432//2 433//2 427//2
f 434//2 431//2 430//2
f 435//2 406//2 436//2
f 407//2 406//2 435//2
f 364//28 437//28 161//28
f 438//28 161//28 437//28
f 439//29 159//29 440//29
f 161//29 440//29 159//29
f 438//29 440//29 161//29
f 441//30 442//30 443//30
f 439//31 157//31 159//31
f 441//32 444//32 442//32
f 445//33 176//33 446//33
f 447//33 446//33 160//33
f 448//2 449//2 450//2
f 157//34 447//34 160//34
f 164//35 168//35 451//35
f 451//36 168//36 176//36
f 451//36 176//36 445//36
f 274//37 452//37 271//37
f 166//38 453//38 165//38
f 454//39 455//39 456//39
f 167//40 165//40 457//40
f 453//40 457//40 165//40
f 272//41 452//41 274//41
f 457//42 458//42 167//42
f 269//43 459//43 460//43
f 176//33 160//33 446//33
f 365//44 158//44 461//44
f 462//44 461//44 158//44
f 235//45 463//45 275//45
f 464//46 462//46 158//46
f 464//46 158//46 170//46
f 464//47 170//47 177//47
f 177//48 163//48 465//48
f 163//49 227//49 466//49
f 467//50 465//50 163//50
f 466//51 467//51 163//51
f 468//52 178//52 196//52
f 468//52 196//52 469//52
f 291//53 470//53 286//53
f 179//54 178//54 468//54
f 182//55 471//55 181//55
f 472//56 473//56 474//56
f 475//57 181//57 476//57
f 206//58 477//58 196//58
f 469//58 196//58 477//58
f 471//57 476//57 181//57
f 206//59 214//59 477//59
f 478//59 477//59 214//59
f 479//60 478//60 214//60
f 479//60 214//60 226//60
f 167//61 458//61 226//61
f 320//62 480//62 319//62
f 197//63 183//63 481//63
f 480//64 320//64 482//64
f 322//64 482//64 320//64
f 483//65 484//65 180//65
f 322//66 289//66 482//66
f 303//66 485//66 289//66
f 486//63 487//63 183//63
f 488//2 489//2 373//2
f 375//2 490//2 373//2
f 490//2 488//2 373//2
f 491//2 373//2 492//2
f 489//2 492//2 373//2
f 330//67 493//67 308//67
f 211//68 494//68 495//68
f 211//69 496//69 209//69
f 497//70 498//70 316//70
f 212//71 209//71 499//71
f 496//71 499//71 209//71
f 499//72 500//72 212//72
f 328//73 329//73 501//73
f 501//74 493//74 324//74
f 328//74 501//74 324//74
f 502//75 503//75 504//75
f 487//63 481//63 183//63
f 215//76 505//76 223//76
f 351//77 506//77 350//77
f 360//77 350//77 507//77
f 507//78 508//78 360//78
f 348//78 360//78 508//78
f 364//79 366//79 509//79
f 349//80 348//80 508//80
f 439//31 510//31 157//31
f 460//43 459//43 367//43
f 370//81 511//81 369//81
f 510//34 447//34 157//34
f 164//35 451//35 512//35
f 512//82 513//82 162//82
f 512//82 162//82 164//82
f 513//83 514//83 162//83
f 162//83 514//83 166//83
f 514//38 453//38 166//38
f 398//84 515//84 382//84
f 377//84 382//84 515//84
f 515//85 378//85 377//85
f 479//61 226//61 458//61
f 177//47 516//47 464//47
f 492//2 517//2 491//2
f 392//2 491//2 517//2
f 517//2 366//2 392//2
f 363//2 392//2 366//2
f 516//48 177//48 465//48
f 374//2 518//2 376//2
f 376//2 518//2 418//2
f 518//2 519//2 418//2
f 520//2 521//2 522//2
f 423//2 521//2 520//2
f 179//54 468//54 523//54
f 524//2 525//2 526//2
f 523//86 527//86 182//86
f 523//86 182//86 179//86
f 527//55 471//55 182//55
f 429//2 528//2 529//2
f 424//2 528//2 429//2
f 530//2 528//2 424//2
f 520//2 530//2 423//2
f 424//2 423//2 530//2
f 531//2 529//2 528//2
f 532//2 531//2 528//2
f 533//87 299//87 534//87
f 535//2 536//2 444//2
f 442//2 444//2 536//2
f 537//2 536//2 535//2
f 521//2 418//2 522//2
f 519//2 538//2 418//2
f 538//2 539//2 418//2
f 539//2 522//2 418//2
f 540//2 541//2 542//2
f 542//2 541//2 543//2
f 544//2 545//2 546//2
f 547//63 486//63 183//63
f 183//88 548//88 547//88
f 549//2 546//2 550//2
f 484//89 551//89 183//89
f 548//89 183//89 551//89
f 552//2 553//2 554//2
f 362//2 364//2 555//2
f 555//2 364//2 365//2
f 364//2 161//2 158//2
f 556//68 211//68 495//68
f 494//2 211//2 210//2
f 556//69 496//69 211//69
f 557//2 239//2 238//2
f 558//2 494//2 210//2
f 559//2 558//2 560//2
f 197//90 561//90 215//90
f 505//90 215//90 561//90
f 561//90 197//90 562//90
f 210//2 560//2 558//2
f 562//63 197//63 481//63
f 505//76 563//76 223//76
f 564//2 565//2 566//2
f 567//2 565//2 564//2
f 560//2 566//2 559//2
f 541//2 565//2 567//2
f 545//2 544//2 541//2
f 550//2 546//2 545//2
f 543//2 541//2 544//2
f 565//2 541//2 540//2
f 559//2 566//2 565//2
f 568//91 224//91 223//91
f 568//91 223//91 563//91
f 569//2 554//2 553//2
f 224//92 568//92 225//92
f 570//92 225//92 568//92
f 225//93 570//93 227//93
f 571//93 227//93 570//93
f 466//49 227//49 571//49
f 572//94 573//94 255//94
f 574//2 552//2 554//2
f 553//2 549//2 569//2
f 554//2 575//2 574//2
f 181//57 475//57 255//57
f 572//57 255//57 475//57
f 576//2 577//2 578//2
f 579//95 580//95 581//95
f 443//2 442//2 536//2
f 582//96 583//96 584//96
f 256//97 585//97 263//97
f 586//97 263//97 585//97
f 587//2 537//2 588//2
f 535//2 588//2 537//2
f 263//98 589//98 258//98
f 590//99 591//99 592//99
f 593//2 574//2 594//2
f 588//2 593//2 587//2
f 594//2 587//2 593//2
f 594//2 574//2 595//2
f 595//2 574//2 575//2
f 596//100 557//100 212//100
f 212//100 500//100 596//100
f 578//2 597//2 576//2
f 550//2 569//2 549//2
f 598//2 599//2 600//2
f 443//2 536//2 599//2
f 601//101 602//101 239//101
f 603//2 604//2 605//2
f 605//2 606//2 603//2
f 183//65 180//65 484//65
f 483//102 180//102 607//102
f 262//102 607//102 180//102
f 528//2 524//2 532//2
f 526//2 532//2 524//2
f 606//2 526//2 525//2
f 525//2 603//2 606//2
f 229//8 228//8 608//8
f 609//103 610//103 261//103
f 608//104 611//104 612//104
f 608//104 612//104 229//104
f 577//2 613//2 614//2
f 614//2 615//2 577//2
f 616//2 614//2 613//2
f 615//2 617//2 577//2
f 618//2 576//2 597//2
f 617//2 578//2 577//2
f 597//2 619//2 618//2
f 240//105 612//105 620//105
f 611//105 620//105 612//105
f 621//2 622//2 623//2
f 455//2 621//2 623//2
f 620//9 241//9 240//9
f 259//106 258//106 624//106
f 625//106 624//106 258//106
f 583//107 626//107 627//107
f 624//108 628//108 259//108
f 628//109 278//109 259//109
f 629//2 598//2 630//2
f 631//107 252//107 632//107
f 633//110 634//110 268//110
f 632//10 252//10 254//10
f 600//2 599//2 536//2
f 600//2 635//2 598//2
f 635//2 630//2 598//2
f 636//111 637//111 268//111
f 257//11 638//11 254//11
f 637//112 267//112 268//112
f 639//113 640//113 641//113
f 212//2 238//2 210//2
f 267//114 642//114 265//114
f 641//115 643//115 639//115
f 644//115 639//115 643//115
f 645//116 646//116 265//116
f 621//117 647//117 648//117
f 649//118 647//118 650//118
f 621//118 650//118 647//118
f 633//2 268//2 651//2
f 212//2 557//2 238//2
f 633//2 237//2 239//2
f 652//119 653//119 260//119
f 648//120 654//120 621//120
f 237//2 633//2 651//2
f 260//121 277//121 655//121
f 656//121 655//121 277//121
f 655//122 652//122 260//122
f 657//39 454//39 456//39
f 299//2 658//2 300//2
f 266//2 265//2 300//2
f 266//2 651//2 268//2
f 656//123 277//123 276//123
f 659//124 660//124 650//124
f 661//125 276//125 293//125
f 662//2 663//2 626//2
f 581//2 662//2 664//2
f 664//2 665//2 581//2
f 581//2 665//2 666//2
f 660//124 649//124 650//124
f 325//126 282//126 667//126
f 668//126 667//126 282//126
f 669//127 668//127 282//127
f 670//128 669//128 282//128
f 670//128 282//128 310//128
f 671//2 664//2 672//2
f 582//2 672//2 664//2
f 252//2 626//2 663//2
f 310//129 295//129 670//129
f 673//129 670//129 295//129
f 674//130 675//130 294//130
f 301//2 300//2 265//2
f 676//131 677//131 678//131
f 679//131 678//131 677//131
f 297//132 680//132 294//132
f 681//2 300//2 658//2
f 295//130 294//130 675//130
f 503//133 682//133 683//133
f 680//134 674//134 294//134
f 591//2 684//2 664//2
f 685//2 664//2 684//2
f 591//2 664//2 671//2
f 684//2 681//2 685//2
f 658//2 685//2 681//2
f 279//135 278//135 686//135
f 686//136 297//136 279//136
f 612//2 240//2 242//2
f 687//2 688//2 229//2
f 229//2 612//2 687//2
f 678//2 687//2 612//2
f 676//2 678//2 612//2
f 242//2 676//2 612//2
f 644//137 643//137 689//137
f 626//2 582//2 664//2
f 646//116 690//116 301//116
f 646//116 301//116 265//116
f 299//136 301//136 534//136
f 690//136 534//136 301//136
f 691//138 687//138 678//138
f 691//138 678//138 679//138
f 664//2 662//2 626//2
f 683//75 504//75 503//75
f 650//2 641//2 692//2
f 687//139 691//139 688//139
f 693//139 688//139 691//139
f 454//2 618//2 619//2
f 694//75 502//75 504//75
f 695//2 454//2 619//2
f 696//140 314//140 313//140
f 697//141 694//141 504//141
f 698//141 697//141 699//141
f 650//2 621//2 455//2
f 454//2 504//2 455//2
f 700//142 701//142 688//142
f 700//142 688//142 693//142
f 293//143 296//143 702//143
f 504//141 699//141 697//141
f 311//144 703//144 296//144
f 702//144 296//144 703//144
f 643//2 641//2 650//2
f 455//2 504//2 650//2
f 701//145 700//145 699//145
f 698//145 699//145 700//145
f 703//146 311//146 314//146
f 703//146 314//146 696//146
f 704//2 699//2 695//2
f 643//2 650//2 504//2
f 474//147 683//147 705//147
f 682//147 705//147 683//147
f 255//148 573//148 706//148
f 705//149 707//149 474//149
f 708//150 709//150 256//150
f 707//56 472//56 474//56
f 689//2 474//2 710//2
f 710//2 474//2 473//2
f 711//2 712//2 713//2
f 713//2 712//2 473//2
f 709//151 714//151 256//151
f 474//2 689//2 683//2
f 683//2 689//2 643//2
f 706//148 708//148 255//148
f 256//148 255//148 708//148
f 683//2 643//2 504//2
f 714//151 585//151 256//151
f 454//2 695//2 504//2
f 715//2 716//2 717//2
f 263//152 586//152 589//152
f 718//2 716//2 715//2
f 625//98 258//98 589//98
f 230//2 229//2 688//2
f 688//2 701//2 230//2
f 719//2 230//2 701//2
f 704//2 719//2 699//2
f 504//2 695//2 699//2
f 701//2 699//2 719//2
f 717//2 716//2 720//2
f 720//2 716//2 721//2
f 722//2 723//2 724//2
f 721//2 716//2 725//2
f 557//153 596//153 726//153
f 725//2 716//2 101//2
f 557//154 727//154 239//154
f 601//154 239//154 727//154
f 728//2 729//2 730//2
f 307//2 107//2 101//2
f 633//101 239//101 602//101
f 731//2 732//2 604//2
f 605//2 604//2 732//2
f 733//2 734//2 731//2
f 732//2 731//2 734//2
f 726//155 727//155 557//155
f 735//2 733//2 736//2
f 737//2 735//2 728//2
f 731//2 736//2 733//2
f 736//2 728//2 735//2
f 602//156 738//156 633//156
f 739//2 737//2 728//2
f 740//2 741//2 742//2
f 730//2 739//2 728//2
f 738//157 634//157 633//157
f 729//2 743//2 744//2
f 744//2 730//2 729//2
f 745//2 744//2 743//2
f 743//2 746//2 745//2
f 747//2 305//2 748//2
f 749//2 748//2 305//2
f 750//2 305//2 747//2
f 751//2 752//2 753//2
f 753//2 754//2 755//2
f 756//2 450//2 757//2
f 755//2 758//2 753//2
f 759//158 607//158 262//158
f 760//2 76//2 761//2
f 761//2 762//2 760//2
f 262//103 261//103 610//103
f 763//2 764//2 755//2
f 262//159 610//159 759//159
f 758//2 755//2 764//2
f 765//2 766//2 767//2
f 768//2 767//2 766//2
f 767//2 769//2 765//2
f 770//2 768//2 95//2
f 766//2 95//2 768//2
f 92//2 765//2 769//2
f 771//2 92//2 769//2
f 622//2 771//2 769//2
f 769//2 623//2 622//2
f 763//2 755//2 772//2
f 750//2 773//2 305//2
f 723//2 305//2 773//2
f 773//2 724//2 723//2
f 630//2 723//2 722//2
f 722//2 629//2 630//2
f 628//109 774//109 278//109
f 305//2 298//2 749//2
f 774//135 686//135 278//135
f 775//2 776//2 777//2
f 777//2 776//2 778//2
f 450//2 756//2 779//2
f 113//2 749//2 298//2
f 636//110 268//110 634//110
f 779//2 780//2 781//2
f 782//2 776//2 775//2
f 783//2 784//2 785//2
f 781//2 778//2 776//2
f 776//2 782//2 786//2
f 787//2 788//2 782//2
f 267//112 637//112 789//112
f 785//2 784//2 790//2
f 789//160 642//160 267//160
f 791//2 790//2 792//2
f 264//2 792//2 790//2
f 793//2 791//2 794//2
f 645//114 265//114 642//114
f 786//2 782//2 788//2
f 341//2 795//2 342//2
f 796//2 797//2 795//2
f 798//2 361//2 797//2
f 716//2 718//2 349//2
f 349//2 797//2 361//2
f 798//2 797//2 796//2
f 792//2 794//2 791//2
f 794//2 113//2 793//2
f 298//2 793//2 113//2
f 762//2 745//2 746//2
f 609//161 261//161 799//161
f 653//161 799//161 261//161
f 788//2 787//2 333//2
f 787//2 331//2 333//2
f 261//119 260//119 653//119
f 333//2 332//2 342//2
f 797//2 349//2 718//2
f 800//2 801//2 762//2
f 746//2 800//2 762//2
f 76//2 802//2 315//2
f 342//2 795//2 797//2
f 309//2 315//2 802//2
f 326//2 309//2 802//2
f 801//2 760//2 762//2
f 327//2 326//2 802//2
f 803//2 327//2 802//2
f 656//123 276//123 804//123
f 804//162 276//162 661//162
f 340//2 101//2 716//2
f 805//2 806//2 807//2
f 372//2 807//2 808//2
f 806//2 808//2 807//2
f 802//2 372//2 803//2
f 315//2 761//2 76//2
f 808//2 803//2 372//2
f 809//2 403//2 402//2
f 810//2 811//2 812//2
f 813//2 814//2 815//2
f 816//2 805//2 452//2
f 463//2 805//2 816//2
f 817//2 818//2 819//2
f 819//2 820//2 821//2
f 822//2 452//2 805//2
f 805//2 823//2 822//2
f 806//2 805//2 463//2
f 823//2 359//2 822//2
f 824//2 825//2 822//2
f 821//2 826//2 812//2
f 297//132 827//132 680//132
f 828//2 790//2 470//2
f 828//2 264//2 790//2
f 812//2 811//2 403//2
f 811//2 401//2 403//2
f 829//2 784//2 783//2
f 673//130 295//130 675//130
f 470//2 790//2 784//2
f 829//2 493//2 830//2
f 784//2 829//2 830//2
f 297//136 686//136 831//136
f 493//2 501//2 832//2
f 832//2 830//2 493//2
f 780//2 779//2 756//2
f 755//2 833//2 448//2
f 831//163 827//163 297//163
f 359//2 824//2 822//2
f 780//2 834//2 781//2
f 778//2 781//2 834//2
f 482//2 485//2 501//2
f 485//2 832//2 501//2
f 835//2 508//2 501//2
f 836//2 480//2 501//2
f 480//2 482//2 501//2
f 837//2 838//2 755//2
f 757//2 450//2 449//2
f 839//2 837//2 755//2
f 839//2 755//2 840//2
f 840//2 755//2 841//2
f 281//164 842//164 843//164
f 841//2 755//2 754//2
f 844//165 312//165 281//165
f 844//165 281//165 843//165
f 845//166 313//166 312//166
f 845//166 312//166 844//166
f 846//2 841//2 754//2
f 313//140 845//140 696//140
f 506//2 497//2 507//2
f 661//125 293//125 847//125
f 848//2 849//2 850//2
f 508//2 836//2 501//2
f 497//2 836//2 507//2
f 508//2 507//2 836//2
f 501//2 851//2 835//2
f 852//2 835//2 851//2
f 847//143 293//143 702//143
f 853//2 854//2 848//2
f 825//2 855//2 459//2
f 459//2 822//2 825//2
f 856//2 857//2 858//2
f 856//2 859//2 857//2
f 860//2 857//2 859//2
f 325//167 861//167 334//167
f 335//168 334//168 862//168
f 863//2 755//2 838//2
f 449//2 448//2 833//2
f 833//2 755//2 863//2
f 511//2 864//2 865//2
f 515//2 866//2 865//2
f 867//168 862//168 334//168
f 868//2 865//2 864//2
f 869//2 857//2 870//2
f 871//2 872//2 873//2
f 873//2 874//2 875//2
f 335//169 876//169 337//169
f 346//170 877//170 357//170
f 878//2 459//2 855//2
f 855//2 868//2 878//2
f 864//2 878//2 868//2
f 870//2 879//2 880//2
f 881//2 875//2 874//2
f 882//171 338//171 337//171
f 473//172 472//172 883//172
f 884//173 346//173 343//173
f 885//2 506//2 886//2
f 887//2 886//2 506//2
f 498//2 506//2 885//2
f 498//2 497//2 506//2
f 506//2 888//2 887//2
f 883//174 889//174 473//174
f 713//174 473//174 889//174
f 890//175 884//175 343//175
f 890//175 343//175 339//175
f 889//176 742//176 713//176
f 338//177 890//177 339//177
f 891//2 892//2 893//2
f 894//2 891//2 893//2
f 895//2 891//2 896//2
f 897//2 891//2 898//2
f 895//2 898//2 891//2
f 281//164 280//164 842//164
f 899//178 710//178 900//178
f 901//179 280//179 336//179
f 899//180 902//180 710//180
f 902//181 903//181 689//181
f 902//181 689//181 710//181
f 904//2 905//2 906//2
f 907//2 906//2 905//2
f 905//2 692//2 907//2
f 907//2 692//2 641//2
f 644//137 689//137 903//137
f 344//182 345//182 908//182
f 909//183 734//183 733//183
f 910//184 732//184 911//184
f 347//185 912//185 345//185
f 908//185 345//185 912//185
f 913//2 914//2 915//2
f 711//2 916//2 913//2
f 710//2 473//2 712//2
f 713//2 916//2 711//2
f 914//2 913//2 916//2
f 917//2 915//2 914//2
f 910//186 918//186 732//186
f 911//187 732//187 734//187
f 911//187 734//187 909//187
f 55//2 202//2 53//2
f 918//186 919//186 732//186
f 920//186 605//186 919//186
f 877//188 921//188 355//188
f 877//188 355//188 357//188
f 353//189 355//189 922//189
f 921//189 922//189 355//189
f 923//190 924//190 724//190
f 925//191 926//191 927//191
f 928//191 927//191 356//191
f 929//2 930//2 931//2
f 930//2 932//2 931//2
f 932//2 933//2 931//2
f 933//2 934//2 931//2
f 934//2 935//2 931//2
f 936//2 931//2 935//2
f 935//2 904//2 936//2
f 906//2 936//2 904//2
f 356//192 353//192 928//192
f 922//192 928//192 353//192
f 923//193 724//193 773//193
f 667//126 937//126 325//126
f 924//194 938//194 724//194
f 722//194 724//194 939//194
f 937//195 861//195 325//195
f 728//196 736//196 73//196
f 867//167 334//167 861//167
f 940//197 941//197 736//197
f 940//197 736//197 731//197
f 862//168 942//168 335//168
f 943//198 940//198 731//198
f 943//198 731//198 604//198
f 942//169 876//169 335//169
f 379//199 868//199 287//199
f 943//200 604//200 944//200
f 603//200 944//200 604//200
f 882//169 337//169 876//169
f 877//170 346//170 945//170
f 945//173 346//173 884//173
f 338//171 882//171 946//171
f 730//201 744//201 29//201
f 737//202 62//202 735//202
f 409//203 886//203 407//203
f 733//204 735//204 61//204
f 946//177 890//177 338//177
f 886//205 409//205 414//205
f 318//70 497//70 316//70
f 29//206 744//206 745//206
f 336//179 947//179 901//179
f 745//207 762//207 30//207
f 948//208 842//208 280//208
f 33//209 32//209 761//209
f 729//210 80//210 743//210
f 280//211 901//211 948//211
f 728//212 72//212 729//212
f 949//213 947//213 336//213
f 949//213 336//213 344//213
f 413//214 408//214 896//214
f 344//182 908//182 949//182
f 749//215 113//215 83//215
f 354//216 912//216 347//216
f 794//7 84//7 113//7
f 408//217 435//217 896//217
f 750//218 747//218 90//218
f 74//219 950//219 750//219
f 750//219 950//219 773//219
f 746//220 743//220 89//220
f 79//220 89//220 743//220
f 951//221 376//221 952//221
f 800//222 746//222 87//222
f 89//222 87//222 746//222
f 953//223 375//223 951//223
f 87//224 801//224 800//224
f 418//225 954//225 376//225
f 751//226 915//226 917//226
f 98//3 77//3 760//3
f 444//227 955//227 535//227
f 755//228 907//228 640//228
f 641//228 640//228 907//228
f 956//229 957//229 958//229
f 959//230 960//230 374//230
f 755//231 448//231 907//231
f 961//232 519//232 518//232
f 935//233 715//233 904//233
f 962//234 539//234 538//234
f 963//235 964//235 520//235
f 522//236 965//236 520//236
f 963//236 520//236 965//236
f 966//237 967//237 968//237
f 965//238 522//238 539//238
f 965//238 539//238 962//238
f 101//239 692//239 905//239
f 969//240 970//240 966//240
f 543//241 544//241 971//241
f 972//242 659//242 692//242
f 913//243 915//243 751//243
f 971//244 544//244 546//244
f 971//244 546//244 973//244
f 549//245 974//245 546//245
f 764//246 763//246 711//246
f 549//247 553//247 974//247
f 975//247 974//247 553//247
f 976//248 977//248 978//248
f 979//249 978//249 977//249
f 365//250 980//250 555//250
f 754//251 53//251 201//251
f 980//252 981//252 555//252
f 494//253 558//253 982//253
f 906//254 450//254 936//254
f 983//253 984//253 558//253
f 983//255 558//255 559//255
f 983//255 559//255 985//255
f 931//256 776//256 929//256
f 565//257 985//257 559//257
f 930//258 929//258 776//258
f 566//90 560//90 986//90
f 210//259 987//259 560//259
f 333//260 933//260 932//260
f 210//261 238//261 988//261
f 934//262 933//262 333//262
f 566//263 986//263 564//263
f 717//233 904//233 715//233
f 989//264 541//264 567//264
f 990//265 991//265 545//265
f 992//266 993//266 994//266
f 545//267 541//267 989//267
f 331//268 787//268 995//268
f 552//269 574//269 996//269
f 552//59 997//59 553//59
f 998//268 995//268 787//268
f 554//270 569//270 999//270
f 1000//270 999//270 569//270
f 999//271 1001//271 554//271
f 1002//272 1003//272 820//272
f 550//273 1000//273 569//273
f 796//274 795//274 1004//274
f 995//274 1004//274 795//274
f 332//275 331//275 995//275
f 593//276 588//276 1005//276
f 955//277 588//277 535//277
f 1004//278 888//278 796//278
f 1006//279 1007//279 958//279
f 798//280 888//280 361//280
f 1008//281 1009//281 614//281
f 376//223 951//223 375//223
f 79//210 743//210 78//210
f 72//210 80//210 729//210
f 953//282 1010//282 375//282
f 1011//283 812//283 403//283
f 1012//283 1011//283 403//283
f 771//284 622//284 100//284
f 1013//285 489//285 1014//285
f 488//285 1014//285 489//285
f 100//286 102//286 771//286
f 102//4 93//4 771//4
f 1015//79 509//79 366//79
f 1016//287 780//287 1017//287
f 756//287 1017//287 780//287
f 1015//288 366//288 517//288
f 103//284 100//284 622//284
f 1018//289 517//289 492//289
f 771//4 93//4 92//4
f 1019//290 1018//290 492//290
f 1019//290 492//290 489//290
f 104//291 765//291 92//291
f 104//291 92//291 91//291
f 765//292 104//292 766//292
f 96//292 766//292 104//292
f 374//230 960//230 518//230
f 95//5 766//5 96//5
f 374//293 373//293 1020//293
f 99//6 770//6 95//6
f 1021//294 959//294 374//294
f 1022//295 856//295 1023//295
f 770//296 99//296 768//296
f 112//296 768//296 99//296
f 128//297 767//297 768//297
f 128//297 768//297 112//297
f 1024//298 1006//298 1025//298
f 958//298 1025//298 1006//298
f 129//299 767//299 128//299
f 1026//229 958//229 957//229
f 769//300 767//300 1027//300
f 129//300 1027//300 767//300
f 1028//301 1029//301 1030//301
f 1031//302 1032//302 1030//302
f 723//303 108//303 305//303
f 109//303 305//303 108//303
f 957//304 1028//304 1026//304
f 1030//304 1026//304 1028//304
f 110//303 108//303 723//303
f 1029//302 1031//302 1030//302
f 1033//302 1034//302 1032//302
f 305//305 109//305 106//305
f 1035//240 966//240 1036//240
f 111//306 110//306 723//306
f 1037//307 201//307 1038//307
f 967//237 1039//237 968//237
f 111//308 723//308 630//308
f 970//240 1036//240 966//240
f 85//7 84//7 794//7
f 1040//309 969//309 966//309
f 245//12 249//12 828//12
f 264//12 828//12 249//12
f 966//310 968//310 1040//310
f 449//311 833//311 1041//311
f 1042//312 815//312 967//312
f 1039//312 967//312 815//312
f 85//313 794//313 792//313
f 85//313 792//313 147//313
f 264//314 97//314 792//314
f 147//314 792//314 97//314
f 1043//315 815//315 1042//315
f 172//316 174//316 790//316
f 172//316 790//316 791//316
f 1043//317 1042//317 1044//317
f 785//318 790//318 107//318
f 174//318 107//318 790//318
f 976//319 1045//319 1046//319
f 1047//319 1046//319 1045//319
f 783//320 785//320 307//320
f 107//320 307//320 785//320
f 1048//321 1049//321 1050//321
f 1046//248 977//248 976//248
f 783//322 307//322 829//322
f 306//322 829//322 307//322
f 1051//323 1050//323 874//323
f 977//249 1052//249 979//249
f 791//324 793//324 172//324
f 171//324 172//324 793//324
f 1024//325 979//325 1052//325
f 1024//325 1052//325 1053//325
f 306//67 308//67 829//67
f 1054//326 1047//326 1045//326
f 1054//326 1045//326 1055//326
f 298//13 171//13 793//13
f 1054//327 1055//327 1056//327
f 1054//327 1056//327 1057//327
f 175//14 298//14 305//14
f 1058//328 1059//328 1056//328
f 1060//329 1061//329 432//329
f 106//15 105//15 305//15
f 1062//328 1059//328 1058//328
f 1057//328 1056//328 1059//328
f 1062//330 1058//330 1061//330
f 432//330 1061//330 1058//330
f 1063//331 879//331 1064//331
f 309//16 326//16 205//16
f 1065//332 871//332 1035//332
f 879//333 1066//333 1064//333
f 1036//240 1065//240 1035//240
f 762//209 761//209 32//209
f 1067//334 1068//334 1069//334
f 213//335 33//335 761//335
f 221//336 213//336 761//336
f 663//337 1067//337 1069//337
f 221//18 761//18 315//18
f 803//338 231//338 327//338
f 234//338 327//338 231//338
f 662//339 580//339 663//339
f 234//19 236//19 327//19
f 231//340 803//340 808//340
f 231//340 808//340 232//340
f 1070//341 358//341 1071//341
f 236//19 203//19 327//19
f 354//342 358//342 1070//342
f 806//343 233//343 808//343
f 232//343 808//343 233//343
f 906//231 907//231 448//231
f 233//344 806//344 235//344
f 448//345 450//345 906//345
f 251//346 292//346 823//346
f 251//346 823//346 805//346
f 823//20 290//20 359//20
f 292//20 290//20 823//20
f 805//347 807//347 251//347
f 247//347 251//347 807//347
f 243//348 247//348 807//348
f 243//348 807//348 372//348
f 1072//349 1073//349 1074//349
f 802//21 244//21 372//21
f 720//350 721//350 905//350
f 75//351 250//351 76//351
f 802//351 76//351 250//351
f 721//239 725//239 905//239
f 246//21 244//21 802//21
f 925//352 1075//352 926//352
f 248//353 246//353 802//353
f 717//354 720//354 904//354
f 905//354 904//354 720//354
f 356//191 927//191 926//191
f 250//355 248//355 802//355
f 725//239 101//239 905//239
f 760//3 77//3 76//3
f 1076//356 1077//356 1078//356
f 995//2 1011//2 1004//2
f 998//2 1079//2 995//2
f 888//2 1004//2 1012//2
f 1012//2 1004//2 1011//2
f 1012//2 887//2 888//2
f 1080//357 26//357 1081//357
f 1041//2 1082//2 1050//2
f 1083//358 1084//358 1085//358
f 1050//2 1051//2 1041//2
f 1017//2 1041//2 1051//2
f 1086//2 1087//2 1016//2
f 1051//2 1086//2 1017//2
f 1016//2 1017//2 1086//2
f 752//359 1088//359 57//359
f 1050//2 1082//2 1089//2
f 1082//2 1090//2 1023//2
f 1088//290 1091//290 57//290
f 1092//2 1093//2 1094//2
f 1094//2 1093//2 1095//2
f 200//2 1038//2 201//2
f 1096//2 1095//2 1093//2
f 1038//2 1097//2 1092//2
f 200//2 1097//2 1038//2
f 1093//2 1092//2 1097//2
f 1098//360 66//360 1099//360
f 880//2 881//2 1049//2
f 1100//361 1101//361 1102//361
f 1103//2 1104//2 968//2
f 1049//2 881//2 874//2
f 190//362 185//362 1105//362
f 1102//363 1101//363 1106//363
f 874//2 873//2 872//2
f 1036//2 970//2 872//2
f 692//364 101//364 972//364
f 970//2 969//2 872//2
f 1040//2 968//2 1104//2
f 650//242 692//242 659//242
f 713//365 742//365 916//365
f 1107//365 916//365 742//365
f 969//2 1040//2 872//2
f 1104//2 872//2 1040//2
f 914//366 916//366 1108//366
f 1107//366 1108//366 916//366
f 1108//367 1109//367 917//367
f 1108//367 917//367 914//367
f 1110//368 1111//368 1112//368
f 881//2 880//2 879//2
f 869//2 858//2 857//2
f 1113//2 1114//2 860//2
f 751//226 917//226 1109//226
f 1115//369 1111//369 1110//369
f 753//243 913//243 751//243
f 879//2 870//2 857//2
f 1085//370 1084//370 1116//370
f 753//371 758//371 711//371
f 753//371 711//371 913//371
f 758//372 764//372 711//372
f 712//246 711//246 763//246
f 1117//373 1118//373 1119//373
f 772//374 712//374 763//374
f 772//178 900//178 712//178
f 710//178 712//178 900//178
f 1120//375 1121//375 1122//375
f 754//251 201//251 1123//251
f 1121//376 1124//376 1122//376
f 201//307 1037//307 1123//307
f 1125//2 1126//2 1127//2
f 1127//2 1128//2 1129//2
f 1028//2 957//2 1130//2
f 1029//2 1028//2 1130//2
f 1033//2 1032//2 1131//2
f 1132//2 1033//2 1133//2
f 1134//2 1132//2 1133//2
f 779//254 936//254 450//254
f 994//2 1129//2 1135//2
f 1136//2 1137//2 1125//2
f 931//377 936//377 781//377
f 779//377 781//377 936//377
f 1135//2 1129//2 1128//2
f 1138//378 1074//378 1139//378
f 1073//378 1139//378 1074//378
f 781//256 776//256 931//256
f 270//2 1140//2 1136//2
f 1141//2 1142//2 1125//2
f 1143//2 1141//2 1125//2
f 1128//2 1127//2 1126//2
f 1144//379 1145//379 1146//379
f 786//258 930//258 776//258
f 1143//2 1125//2 1147//2
f 1148//380 1149//380 1146//380
f 932//381 930//381 788//381
f 786//381 788//381 930//381
f 1147//2 1125//2 1150//2
f 932//260 788//260 333//260
f 1151//382 1152//382 1138//382
f 273//2 274//2 270//2
f 269//2 460//2 270//2
f 1150//2 1125//2 1137//2
f 342//262 934//262 333//262
f 460//2 367//2 270//2
f 1137//2 1136//2 1140//2
f 934//383 342//383 935//383
f 797//383 935//383 342//383
f 1140//2 270//2 369//2
f 718//384 935//384 797//384
f 1153//2 1154//2 1125//2
f 1155//2 1153//2 1125//2
f 1126//2 1125//2 1154//2
f 1156//2 1155//2 1125//2
f 1142//2 1156//2 1125//2
f 715//233 935//233 718//233
f 1157//385 1158//385 1159//385
f 998//386 777//386 778//386
f 1160//2 436//2 406//2
f 408//2 407//2 435//2
f 1016//387 998//387 834//387
f 778//387 834//387 998//387
f 1161//388 1162//388 1159//388
f 1129//2 994//2 1163//2
f 1032//2 1031//2 1131//2
f 1131//2 1133//2 1033//2
f 777//268 998//268 775//268
f 782//268 775//268 998//268
f 1132//2 1134//2 1164//2
f 1106//389 1165//389 1166//389
f 1164//2 1134//2 1167//2
f 1168//2 1163//2 994//2
f 1165//390 16//390 740//390
f 1167//2 1163//2 1169//2
f 782//268 998//268 787//268
f 740//391 16//391 741//391
f 1169//2 1163//2 1168//2
f 1170//392 1119//392 1171//392
f 341//275 332//275 995//275
f 995//393 795//393 341//393
f 1172//2 826//2 821//2
f 1172//2 821//2 820//2
f 406//2 809//2 402//2
f 413//2 409//2 408//2
f 428//2 1160//2 406//2
f 820//2 819//2 818//2
f 1173//394 1174//394 1175//394
f 810//2 812//2 826//2
f 1024//2 1052//2 1176//2
f 1006//2 1024//2 1176//2
f 1079//395 1087//395 817//395
f 813//395 1177//395 1087//395
f 817//395 1087//395 1177//395
f 1176//2 1130//2 1006//2
f 1079//396 817//396 819//396
f 1007//2 1006//2 1130//2
f 819//397 821//397 1079//397
f 1011//397 1079//397 821//397
f 1178//398 1179//398 1180//398
f 957//2 956//2 1130//2
f 956//2 1007//2 1130//2
f 821//399 812//399 1011//399
f 1163//2 1167//2 1134//2
f 1130//2 1131//2 1029//2
f 406//400 1012//400 809//400
f 1031//2 1029//2 1131//2
f 1181//401 192//401 1182//401
f 1183//401 1182//401 195//401
f 757//402 449//402 1041//402
f 757//402 1041//402 1017//402
f 1017//403 756//403 757//403
f 968//2 1039//2 1103//2
f 815//2 1043//2 813//2
f 1177//2 813//2 1043//2
f 1044//2 1177//2 1043//2
f 818//2 817//2 1044//2
f 1177//2 1044//2 817//2
f 1036//2 872//2 1065//2
f 814//2 1103//2 1039//2
f 1039//2 815//2 814//2
f 834//387 780//387 1016//387
f 1068//334 1067//334 1184//334
f 1185//404 1068//404 1186//404
f 1184//404 1186//404 1068//404
f 1054//2 1187//2 1047//2
f 1057//2 1187//2 1054//2
f 977//2 1046//2 1187//2
f 1187//2 1057//2 1059//2
f 1059//2 1062//2 1187//2
f 1187//2 1061//2 1060//2
f 1188//337 1067//337 663//337
f 1046//2 1047//2 1187//2
f 663//339 580//339 1188//339
f 977//2 1187//2 1052//2
f 1187//2 1176//2 1052//2
f 1077//405 1076//405 1071//405
f 1189//405 1071//405 1076//405
f 1052//2 1024//2 1053//2
f 1089//406 1023//406 869//406
f 1189//341 1070//341 1071//341
f 1061//2 1187//2 1062//2
f 1070//342 1190//342 354//342
f 1065//2 872//2 871//2
f 1190//216 912//216 354//216
f 1191//407 1192//407 1193//407
f 1194//407 1193//407 1192//407
f 1072//408 1191//408 1193//408
f 1195//409 837//409 1096//409
f 839//409 1096//409 837//409
f 1093//2 1196//2 1096//2
f 1196//2 1197//2 1096//2
f 839//410 1095//410 1096//410
f 1198//2 1179//2 1199//2
f 1199//2 1200//2 1198//2
f 1201//2 1198//2 1200//2
f 1183//2 1201//2 1200//2
f 1202//2 1183//2 1200//2
f 1203//2 1181//2 1202//2
f 1204//2 1205//2 1203//2
f 1206//2 1207//2 1204//2
f 1179//2 1178//2 1199//2
f 1178//2 1208//2 1209//2
f 1208//2 1210//2 1209//2
f 1197//2 1022//2 1195//2
f 1090//2 1195//2 1022//2
f 1195//2 1096//2 1197//2
f 1022//2 1023//2 1090//2
f 1023//2 1089//2 1082//2
f 1095//411 841//411 1094//411
f 1211//2 1048//2 1050//2
f 846//412 1092//412 841//412
f 1212//413 1194//413 1192//413
f 1212//413 1192//413 1075//413
f 998//2 1016//2 1087//2
f 1079//2 998//2 1087//2
f 1079//2 1011//2 995//2
f 1089//2 1211//2 1050//2
f 838//414 837//414 1090//414
f 1195//414 1090//414 837//414
f 1193//408 1213//408 1072//408
f 1064//2 1056//2 1063//2
f 1066//2 1056//2 1064//2
f 1214//2 1058//2 1066//2
f 1213//349 1073//349 1072//349
f 846//415 1038//415 1092//415
f 433//2 432//2 1214//2
f 433//2 425//2 427//2
f 1215//2 1063//2 1056//2
f 430//2 427//2 426//2
f 1058//2 1214//2 432//2
f 1075//352 925//352 1212//352
f 1216//2 865//2 866//2
f 1217//2 892//2 515//2
f 1218//2 865//2 1216//2
f 511//2 865//2 1219//2
f 1219//2 865//2 1218//2
f 1090//416 1082//416 838//416
f 866//2 515//2 892//2
f 1078//356 1220//356 1076//356
f 1093//417 849//417 848//417
f 1093//417 1097//417 849//417
f 1078//418 1221//418 1220//418
f 1222//418 1220//418 1221//418
f 1084//419 1223//419 1221//419
f 1222//419 1221//419 1223//419
f 839//410 840//410 1095//410
f 840//411 841//411 1095//411
f 1224//419 1223//419 1084//419
f 1225//307 1037//307 1038//307
f 1084//420 1083//420 1224//420
f 846//415 1225//415 1038//415
f 1094//412 841//412 1092//412
f 191//421 1181//421 1205//421
f 1186//404 1226//404 1185//404
f 1205//422 1227//422 191//422
f 1226//423 1228//423 1185//423
f 1229//423 1185//423 1228//423
f 1229//423 1228//423 1230//423
f 1196//424 1093//424 1113//424
f 848//424 1113//424 1093//424
f 1231//425 1232//425 1233//425
f 1234//426 1233//426 1235//426
f 1234//426 1235//426 1236//426
f 858//295 1023//295 856//295
f 1236//427 1237//427 1234//427
f 1238//427 1234//427 1237//427
f 1113//428 860//428 1197//428
f 1113//428 1197//428 1196//428
f 1237//429 1229//429 1238//429
f 1230//429 1238//429 1229//429
f 1239//430 149//430 1240//430
f 1022//295 859//295 856//295
f 1241//431 1242//431 1243//431
f 1244//431 1243//431 1242//431
f 1022//432 1197//432 859//432
f 860//432 859//432 1197//432
f 1241//433 1243//433 1245//433
f 1246//433 1245//433 1243//433
f 257//434 1245//434 1246//434
f 1247//435 1244//435 1242//435
f 1247//435 1242//435 1100//435
f 863//416 838//416 1082//416
f 1246//434 638//434 257//434
f 833//311 863//311 1082//311
f 1082//311 1041//311 833//311
f 1247//361 1100//361 1102//361
f 1211//436 1089//436 870//436
f 869//436 870//436 1089//436
f 1106//363 1248//363 1102//363
f 870//437 880//437 1048//437
f 870//437 1048//437 1211//437
f 1248//389 1106//389 1166//389
f 1048//321 880//321 1049//321
f 1235//425 1233//425 1232//425
f 858//406 869//406 1023//406
f 1249//438 1232//438 1250//438
f 1231//438 1250//438 1232//438
f 874//321 1050//321 1049//321
f 1251//439 1252//439 200//439
f 1250//440 1253//440 1254//440
f 1250//440 1254//440 1249//440
f 872//323 1051//323 874//323
f 1255//441 1251//441 200//441
f 1255//441 200//441 198//441
f 1256//442 1254//442 1257//442
f 1104//443 1051//443 872//443
f 1258//444 1255//444 198//444
f 1259//445 1112//445 1260//445
f 1259//445 1260//445 1261//445
f 1103//446 1086//446 1051//446
f 1103//446 1051//446 1104//446
f 850//447 412//447 853//447
f 1112//368 1259//368 1110//368
f 813//448 1087//448 814//448
f 1262//369 1115//369 1110//369
f 1115//449 1262//449 1263//449
f 1264//449 1263//449 1262//449
f 1087//450 1086//450 814//450
f 1103//450 814//450 1086//450
f 1265//370 1085//370 1116//370
f 1264//451 1265//451 1263//451
f 1116//451 1263//451 1265//451
f 881//452 1063//452 1215//452
f 881//452 1215//452 875//452
f 1118//453 1261//453 1260//453
f 881//331 879//331 1063//331
f 1261//453 1118//453 1117//453
f 1066//333 879//333 857//333
f 1119//373 1170//373 1117//373
f 857//454 1114//454 1214//454
f 857//454 1214//454 1066//454
f 1266//392 1171//392 1119//392
f 1267//455 1268//455 393//455
f 1120//456 1269//456 1270//456
f 1271//456 1270//456 1269//456
f 1035//332 871//332 1215//332
f 388//457 1272//457 393//457
f 1267//457 393//457 1272//457
f 1270//375 1121//375 1120//375
f 875//332 1215//332 873//332
f 873//332 1215//332 871//332
f 1272//458 388//458 1273//458
f 994//266 1135//266 992//266
f 1128//459 1274//459 992//459
f 1128//459 992//459 1135//459
f 1143//460 866//460 1141//460
f 1143//461 1147//461 866//461
f 866//462 1147//462 1216//462
f 1150//462 1216//462 1147//462
f 1275//463 1276//463 587//463
f 1137//464 1218//464 1216//464
f 1137//464 1216//464 1150//464
f 594//465 1277//465 587//465
f 1275//465 587//465 1277//465
f 1140//466 1219//466 1218//466
f 1140//466 1218//466 1137//466
f 1277//467 594//467 595//467
f 1140//81 369//81 1219//81
f 615//468 1278//468 617//468
f 1279//469 394//469 1280//469
f 1126//470 1281//470 1274//470
f 1126//470 1274//470 1128//470
f 578//471 617//471 1282//471
f 1283//471 1282//471 617//471
f 1142//460 1141//460 892//460
f 866//460 892//460 1141//460
f 394//472 1284//472 1280//472
f 1282//473 1285//473 578//473
f 1142//474 892//474 1156//474
f 1285//475 597//475 578//475
f 1156//476 892//476 891//476
f 1156//476 891//476 1155//476
f 1286//477 1287//477 619//477
f 894//2 896//2 891//2
f 1217//2 893//2 892//2
f 1155//478 891//478 897//478
f 1155//478 897//478 1153//478
f 1153//479 897//479 1288//479
f 1153//479 1288//479 1154//479
f 619//480 597//480 1286//480
f 1154//481 1288//481 1281//481
f 1154//481 1281//481 1126//481
f 992//2 1274//2 1289//2
f 402//482 401//482 1289//482
f 405//483 402//483 1289//483
f 1290//2 1289//2 1288//2
f 1281//2 1288//2 1289//2
f 1288//2 897//2 898//2
f 898//2 1290//2 1288//2
f 1274//2 1281//2 1289//2
f 428//484 405//484 1289//484
f 428//484 1289//484 1290//484
f 732//186 919//186 605//186
f 1291//485 605//485 920//485
f 898//486 1160//486 1290//486
f 436//486 1160//486 898//486
f 1132//487 1034//487 1033//487
f 1030//302 1032//302 1034//302
f 579//2 1070//2 580//2
f 1076//2 1220//2 1230//2
f 1067//2 1070//2 1184//2
f 1188//2 1070//2 1067//2
f 580//2 1070//2 1188//2
f 1132//488 1164//488 1034//488
f 1292//488 1034//488 1164//488
f 1167//489 1292//489 1164//489
f 992//2 1293//2 993//2
f 1293//2 1003//2 993//2
f 1293//2 992//2 1289//2
f 1292//2 993//2 1003//2
f 1003//2 1002//2 1292//2
f 1034//2 1292//2 1002//2
f 1167//490 1169//490 1292//490
f 993//490 1292//490 1169//490
f 1168//491 993//491 1169//491
f 1168//266 994//266 993//266
f 818//317 1044//317 1042//317
f 818//317 1042//317 1002//317
f 820//492 818//492 1002//492
f 826//272 1172//272 1003//272
f 811//493 810//493 1293//493
f 1003//493 1293//493 810//493
f 925//2 1294//2 1212//2
f 1194//2 1212//2 1294//2
f 927//2 1294//2 925//2
f 1002//2 1042//2 1034//2
f 1030//2 1034//2 1042//2
f 1042//2 967//2 1030//2
f 958//2 967//2 1025//2
f 1026//2 967//2 958//2
f 1030//2 967//2 1026//2
f 1172//272 820//272 1003//272
f 810//494 826//494 1003//494
f 976//2 978//2 966//2
f 979//2 966//2 978//2
f 1025//2 966//2 979//2
f 1289//482 401//482 1293//482
f 811//482 1293//482 401//482
f 1025//325 979//325 1024//325
f 966//2 1025//2 967//2
f 976//2 966//2 1045//2
f 1294//2 1295//2 1213//2
f 1055//2 1045//2 1035//2
f 1007//229 956//229 958//229
f 1295//2 1296//2 1073//2
f 1035//2 1215//2 1055//2
f 1035//2 1045//2 966//2
f 1056//2 1055//2 1215//2
f 1056//2 1066//2 1058//2
f 1291//495 1297//495 605//495
f 606//495 605//495 1297//495
f 1185//2 1229//2 1242//2
f 1222//2 1230//2 1220//2
f 1223//2 1230//2 1222//2
f 1224//2 1230//2 1223//2
f 1265//2 1230//2 1085//2
f 1241//2 1245//2 1068//2
f 253//2 252//2 1069//2
f 663//2 1069//2 252//2
f 1083//2 1230//2 1224//2
f 1085//2 1230//2 1083//2
f 358//2 356//2 1071//2
f 1077//2 1071//2 356//2
f 346//2 357//2 347//2
f 354//2 347//2 357//2
f 1184//2 1070//2 1186//2
f 1186//2 1070//2 1226//2
f 1298//496 1299//496 526//496
f 532//496 526//496 1299//496
f 1228//2 1226//2 1076//2
f 1189//2 1076//2 1226//2
f 1074//2 1084//2 1072//2
f 1072//2 1084//2 1191//2
f 1138//2 1084//2 1074//2
f 1191//2 1084//2 1192//2
f 1300//497 531//497 532//497
f 1230//2 1262//2 1238//2
f 1238//2 1262//2 1234//2
f 1230//2 1228//2 1076//2
f 356//2 926//2 1077//2
f 629//498 722//498 1301//498
f 1078//2 1077//2 926//2
f 1221//2 1078//2 1075//2
f 926//2 1075//2 1078//2
f 1084//2 1138//2 1116//2
f 1116//2 1148//2 1263//2
f 1075//2 1192//2 1221//2
f 598//499 1302//499 599//499
f 677//2 241//2 1248//2
f 1166//2 677//2 1248//2
f 1303//500 443//500 1304//500
f 1302//500 1304//500 599//500
f 1243//2 620//2 1246//2
f 1069//2 1068//2 253//2
f 1305//501 603//501 525//501
f 257//2 253//2 1068//2
f 257//2 1068//2 1245//2
f 1242//2 1241//2 1068//2
f 1068//2 1185//2 1242//2
f 1306//502 525//502 524//502
f 1100//2 1242//2 1237//2
f 1237//2 1242//2 1229//2
f 1233//2 1234//2 1262//2
f 1259//2 1250//2 1110//2
f 1261//2 1253//2 1259//2
f 528//503 1307//503 524//503
f 1237//2 1236//2 1100//2
f 1101//2 1100//2 1236//2
f 1236//2 1235//2 1101//2
f 1235//2 1232//2 1106//2
f 1231//2 1110//2 1250//2
f 1257//2 1253//2 1170//2
f 1171//2 1308//2 1170//2
f 1249//2 1106//2 1232//2
f 1254//2 1106//2 1249//2
f 1256//2 1106//2 1254//2
f 1250//2 1259//2 1253//2
f 1261//2 1117//2 1253//2
f 1111//2 1115//2 1146//2
f 1115//2 1263//2 1146//2
f 1148//2 1146//2 1263//2
f 1221//2 1192//2 1084//2
f 621//120 654//120 622//120
f 1231//2 1233//2 1262//2
f 1146//2 1145//2 1112//2
f 1145//2 1309//2 1260//2
f 1266//2 1119//2 1310//2
f 1310//2 1311//2 1266//2
f 1110//2 1231//2 1262//2
f 1262//2 1230//2 1264//2
f 657//504 1312//504 454//504
f 1122//2 1310//2 1119//2
f 1264//2 1230//2 1265//2
f 1119//2 1118//2 1269//2
f 1112//2 1111//2 1146//2
f 1260//2 1112//2 1145//2
f 1148//2 1116//2 1138//2
f 1313//2 1296//2 1314//2
f 1271//2 1314//2 1296//2
f 1152//2 1296//2 1315//2
f 1139//2 1073//2 1296//2
f 1073//2 1213//2 1295//2
f 1294//2 1213//2 1193//2
f 1152//2 1151//2 1296//2
f 1270//2 1271//2 1296//2
f 1101//2 1235//2 1106//2
f 1296//2 1316//2 1270//2
f 1121//2 1270//2 1316//2
f 1027//300 1317//300 769//300
f 1106//2 1256//2 1165//2
f 1318//2 1124//2 1319//2
f 1316//2 1319//2 1121//2
f 1124//2 1121//2 1319//2
f 1320//505 1321//505 769//505
f 623//505 769//505 1321//505
f 17//2 25//2 15//2
f 24//2 15//2 25//2
f 1159//2 16//2 1157//2
f 1159//2 17//2 16//2
f 1157//2 1165//2 1256//2
f 1118//2 1260//2 1309//2
f 1144//2 1296//2 1313//2
f 1149//2 1296//2 1144//2
f 1315//2 1296//2 1149//2
f 1151//2 1139//2 1296//2
f 1309//2 1269//2 1118//2
f 1269//2 1120//2 1119//2
f 1120//2 1122//2 1119//2
f 1322//2 1323//2 1324//2
f 1173//2 1325//2 1322//2
f 1326//2 1308//2 1324//2
f 1171//2 1324//2 1308//2
f 1257//2 1170//2 1308//2
f 1117//2 1170//2 1253//2
f 192//2 193//2 195//2
f 1327//2 195//2 194//2
f 194//2 1175//2 1327//2
f 1311//2 1328//2 1174//2
f 1174//2 1266//2 1311//2
f 1328//2 1180//2 1174//2
f 1175//2 1174//2 1180//2
f 1327//2 1175//2 1180//2
f 1326//2 1324//2 1323//2
f 1165//2 1157//2 16//2
f 1323//2 1322//2 1325//2
f 1158//2 1173//2 1161//2
f 1329//506 1330//506 600//506
f 1331//506 1332//506 600//506
f 1325//2 1173//2 1158//2
f 1333//506 1329//506 600//506
f 1334//507 434//507 1335//507
f 1161//2 1336//2 1162//2
f 536//508 1337//508 600//508
f 1338//2 1339//2 1340//2
f 1341//508 1342//508 536//508
f 854//509 410//509 397//509
f 854//509 397//509 1343//509
f 410//447 854//447 853//447
f 490//282 375//282 1010//282
f 420//510 1344//510 397//510
f 1343//510 397//510 1344//510
f 1107//2 742//2 741//2
f 1345//2 1108//2 741//2
f 1346//2 740//2 677//2
f 1166//2 1346//2 677//2
f 952//225 376//225 954//225
f 420//511 425//511 1344//511
f 1347//511 1344//511 425//511
f 1010//282 1348//282 490//282
f 1349//512 1347//512 425//512
f 1349//512 425//512 433//512
f 1350//513 488//513 490//513
f 1350//513 490//513 1348//513
f 1351//2 1318//2 1319//2
f 433//514 1214//514 1352//514
f 1114//514 1352//514 1214//514
f 1350//285 1014//285 488//285
f 1353//2 1351//2 1319//2
f 433//515 1354//515 1349//515
f 1019//285 489//285 1013//285
f 1355//2 1353//2 1319//2
f 1319//2 1209//2 1355//2
f 1352//516 1354//516 433//516
f 437//79 364//79 509//79
f 1356//2 1355//2 1209//2
f 1210//2 1356//2 1209//2
f 1357//288 1015//288 517//288
f 1018//289 1357//289 517//289
f 1358//2 1359//2 1206//2
f 1209//2 1199//2 1178//2
f 961//230 518//230 960//230
f 373//293 1360//293 1020//293
f 1361//294 1021//294 374//294
f 374//517 1020//517 1361//517
f 1314//518 1271//518 1269//518
f 1314//518 1269//518 1309//518
f 373//519 491//519 1360//519
f 1362//519 1360//519 491//519
f 1124//376 1318//376 1310//376
f 1310//376 1122//376 1124//376
f 391//22 1362//22 491//22
f 404//252 362//252 981//252
f 1318//520 1351//520 1310//520
f 491//22 392//22 391//22
f 1145//521 1314//521 1309//521
f 363//23 1363//23 390//23
f 1363//24 363//24 404//24
f 1151//378 1138//378 1139//378
f 1364//497 531//497 1300//497
f 531//522 1364//522 529//522
f 1365//522 529//522 1364//522
f 418//225 1366//225 954//225
f 1366//523 418//523 417//523
f 521//25 419//25 418//25
f 429//524 529//524 1367//524
f 1365//524 1367//524 529//524
f 419//25 521//25 1368//25
f 423//525 1369//525 521//525
f 1368//525 521//525 1369//525
f 423//26 422//26 1369//26
f 1367//27 422//27 429//27
f 1306//503 524//503 1307//503
f 1370//526 1371//526 528//526
f 1370//526 528//526 530//526
f 964//235 1370//235 530//235
f 1372//527 396//527 1373//527
f 1313//521 1314//521 1145//521
f 443//500 599//500 1304//500
f 1374//528 1375//528 219//528
f 1145//379 1144//379 1313//379
f 443//30 1303//30 441//30
f 1375//529 1376//529 387//529
f 1375//529 387//529 219//529
f 1144//380 1146//380 1149//380
f 1376//530 1377//530 387//530
f 1377//530 1378//530 387//530
f 441//32 1379//32 444//32
f 1315//531 1149//531 1148//531
f 1374//532 219//532 1380//532
f 1152//533 1315//533 1148//533
f 1381//530 387//530 1378//530
f 1148//382 1138//382 1152//382
f 1379//227 955//227 444//227
f 430//507 1335//507 434//507
f 1257//442 1308//442 1256//442
f 1253//442 1257//442 1254//442
f 519//232 961//232 1382//232
f 1183//2 1202//2 1182//2
f 1308//534 1326//534 1256//534
f 538//535 519//535 1383//535
f 1382//535 1383//535 519//535
f 1326//536 1323//536 1256//536
f 1157//536 1256//536 1323//536
f 538//234 1383//234 962//234
f 1339//2 1162//2 1336//2
f 1325//537 1157//537 1323//537
f 530//235 520//235 964//235
f 1384//2 1385//2 1386//2
f 1325//538 1158//538 1157//538
f 1161//385 1159//385 1158//385
f 1162//539 1338//539 17//539
f 543//241 971//241 1387//241
f 1338//540 1340//540 17//540
f 543//541 1387//541 542//541
f 1388//541 542//541 1387//541
f 1389//2 1390//2 1391//2
f 1340//2 1384//2 1386//2
f 1384//2 1340//2 1392//2
f 1339//2 1392//2 1340//2
f 1338//2 1162//2 1339//2
f 1173//2 1336//2 1161//2
f 17//388 1159//388 1162//388
f 1388//542 540//542 542//542
f 1386//2 1385//2 1393//2
f 1340//540 1386//540 17//540
f 546//245 974//245 973//245
f 1393//2 1394//2 1395//2
f 1394//2 1396//2 1395//2
f 1166//389 1165//389 1346//389
f 1397//2 1395//2 1396//2
f 1346//390 1165//390 740//390
f 271//543 822//543 459//543
f 271//543 459//543 269//543
f 1396//2 1105//2 1397//2
f 452//37 822//37 271//37
f 272//41 816//41 452//41
f 459//43 878//43 367//43
f 1324//392 1171//392 1266//392
f 806//344 463//344 235//344
f 1322//544 1324//544 1266//544
f 1322//544 1266//544 1174//544
f 272//45 275//45 816//45
f 816//45 275//45 463//45
f 1173//545 1322//545 1174//545
f 283//53 286//53 784//53
f 1081//2 751//2 1080//2
f 1398//2 751//2 1081//2
f 1399//2 1400//2 1109//2
f 1400//2 1401//2 1109//2
f 1345//2 1399//2 1109//2
f 1345//2 1109//2 1108//2
f 1107//2 741//2 1108//2
f 245//546 828//546 470//546
f 245//546 470//546 291//546
f 1310//520 1351//520 1311//520
f 1353//520 1311//520 1351//520
f 1402//547 431//547 434//547
f 1402//547 434//547 1334//547
f 1403//548 427//548 431//548
f 1403//548 431//548 1402//548
f 1353//549 1355//549 1311//549
f 1404//550 432//550 427//550
f 1404//550 427//550 1403//550
f 1355//551 1356//551 1311//551
f 1328//551 1311//551 1356//551
f 470//53 784//53 286//53
f 1404//329 1060//329 432//329
f 283//552 784//552 830//552
f 283//552 830//552 284//552
f 1210//553 1208//553 1180//553
f 832//554 302//554 830//554
f 284//554 830//554 302//554
f 1208//398 1178//398 1180//398
f 302//555 832//555 485//555
f 302//555 485//555 303//555
f 1180//556 1328//556 1210//556
f 1356//556 1210//556 1328//556
f 1327//398 1180//398 1179//398
f 1179//557 1198//557 1327//557
f 381//558 824//558 304//558
f 285//558 304//558 359//558
f 480//62 836//62 319//62
f 195//559 1201//559 1183//559
f 195//560 1327//560 1201//560
f 1198//560 1201//560 1327//560
f 1405//2 625//2 1406//2
f 1407//2 1406//2 589//2
f 476//2 1408//2 475//2
f 527//2 1408//2 471//2
f 1409//2 1408//2 527//2
f 708//2 706//2 1410//2
f 585//2 714//2 1411//2
f 1407//2 586//2 1411//2
f 1336//394 1173//394 1175//394
f 1336//561 1175//561 1339//561
f 194//561 1339//561 1175//561
f 461//44 1412//44 365//44
f 1412//250 980//250 365//250
f 194//562 1392//562 1339//562
f 1413//2 438//2 1414//2
f 1415//2 439//2 1413//2
f 1015//2 1357//2 1414//2
f 438//2 437//2 1414//2
f 1014//2 1350//2 1414//2
f 362//252 555//252 981//252
f 1385//563 1384//563 193//563
f 194//563 193//563 1384//563
f 438//2 1413//2 440//2
f 495//253 494//253 982//253
f 1392//563 194//563 1384//563
f 440//2 1413//2 439//2
f 1388//542 1416//542 540//542
f 25//540 17//540 1386//540
f 439//2 1415//2 510//2
f 446//2 447//2 1415//2
f 1386//564 1393//564 25//564
f 984//253 982//253 558//253
f 510//2 1415//2 447//2
f 1395//565 1397//565 23//565
f 1397//566 1417//566 23//566
f 1418//257 985//257 565//257
f 1393//567 1395//567 25//567
f 23//567 25//567 1395//567
f 1417//566 1419//566 23//566
f 451//2 445//2 1415//2
f 446//2 1415//2 445//2
f 512//2 451//2 1415//2
f 1420//2 513//2 1415//2
f 565//568 540//568 1418//568
f 1416//568 1418//568 540//568
f 1391//569 59//569 1419//569
f 512//2 1415//2 513//2
f 1421//2 514//2 1420//2
f 986//90 560//90 1422//90
f 741//391 16//391 15//391
f 513//2 1420//2 514//2
f 560//259 987//259 1422//259
f 15//570 1345//570 741//570
f 1409//2 458//2 1421//2
f 24//571 1399//571 15//571
f 1345//571 15//571 1399//571
f 514//2 1421//2 453//2
f 1399//572 24//572 1400//572
f 210//573 1423//573 987//573
f 453//2 1421//2 457//2
f 457//2 1421//2 458//2
f 1401//574 1400//574 26//574
f 24//574 26//574 1400//574
f 1401//575 26//575 1080//575
f 988//576 1424//576 210//576
f 1423//576 210//576 1424//576
f 986//263 1425//263 564//263
f 1396//577 1394//577 190//577
f 567//578 564//578 1426//578
f 1425//578 1426//578 564//578
f 1427//362 1105//362 185//362
f 567//264 1426//264 989//264
f 1428//579 1429//579 55//579
f 1428//579 55//579 56//579
f 467//2 466//2 1388//2
f 1416//2 1388//2 466//2
f 202//580 55//580 1430//580
f 1429//580 1430//580 55//580
f 466//2 571//2 1416//2
f 56//581 69//581 1428//581
f 1431//581 1428//581 69//581
f 990//267 545//267 989//267
f 66//582 1098//582 69//582
f 1431//582 69//582 1098//582
f 996//583 574//583 593//583
f 1432//269 552//269 996//269
f 754//584 1433//584 53//584
f 54//584 53//584 1433//584
f 477//2 1409//2 469//2
f 479//2 1409//2 478//2
f 468//2 469//2 1409//2
f 458//2 1409//2 479//2
f 523//2 468//2 1409//2
f 527//2 523//2 1409//2
f 1432//59 997//59 552//59
f 478//2 1409//2 477//2
f 752//584 54//584 1433//584
f 1398//357 1081//357 67//357
f 67//357 1081//357 26//357
f 575//271 554//271 1001//271
f 68//585 1434//585 67//585
f 1398//585 67//585 1434//585
f 1435//273 1000//273 550//273
f 1091//586 1436//586 58//586
f 68//586 58//586 1436//586
f 471//2 1408//2 476//2
f 550//265 545//265 991//265
f 752//359 57//359 54//359
f 1437//276 1005//276 588//276
f 1434//586 68//586 1436//586
f 57//290 1091//290 58//290
f 484//2 483//2 596//2
f 551//2 484//2 500//2
f 23//569 1419//569 59//569
f 616//587 1438//587 614//587
f 1391//588 1439//588 60//588
f 1391//588 60//588 59//588
f 615//281 614//281 1009//281
f 127//589 60//589 1440//589
f 1439//589 1440//589 60//589
f 1441//590 65//590 127//590
f 1441//590 127//590 1440//590
f 561//2 499//2 505//2
f 505//2 499//2 563//2
f 982//2 984//2 570//2
f 1441//360 1099//360 65//360
f 66//360 65//360 1099//360
f 495//2 570//2 556//2
f 547//2 548//2 500//2
f 1442//591 155//591 156//591
f 1442//591 156//591 1443//591
f 1341//592 536//592 537//592
f 556//2 563//2 496//2
f 548//2 551//2 500//2
f 596//2 500//2 484//2
f 155//593 1442//593 151//593
f 1444//593 151//593 1442//593
f 1396//362 190//362 1105//362
f 496//2 563//2 499//2
f 150//594 151//594 1445//594
f 1444//594 1445//594 151//594
f 1446//595 1447//595 575//595
f 595//595 575//595 1447//595
f 499//2 561//2 500//2
f 1448//362 1427//362 185//362
f 1448//596 185//596 152//596
f 1448//596 152//596 1389//596
f 154//597 1390//597 152//597
f 1389//597 152//597 1390//597
f 1277//467 595//467 1447//467
f 1418//2 1416//2 571//2
f 563//2 556//2 568//2
f 1449//598 1390//598 154//598
f 1449//598 154//598 148//598
f 1450//583 996//583 593//583
f 568//2 556//2 570//2
f 148//599 150//599 1449//599
f 1445//599 1449//599 150//599
f 570//2 1418//2 571//2
f 192//401 195//401 1182//401
f 975//59 553//59 997//59
f 1181//421 191//421 192//421
f 1005//276 1450//276 593//276
f 191//422 1227//422 189//422
f 1408//2 1410//2 475//2
f 572//2 475//2 1410//2
f 187//600 189//600 1451//600
f 1227//600 1451//600 189//600
f 573//2 572//2 1410//2
f 706//2 573//2 1410//2
f 1451//601 1207//601 188//601
f 1451//601 188//601 187//601
f 1446//271 575//271 1001//271
f 708//2 1410//2 709//2
f 219//532 149//532 1380//532
f 1452//532 1380//532 149//532
f 1239//602 1452//602 149//602
f 709//2 1410//2 714//2
f 149//430 169//430 1240//430
f 1410//2 1411//2 714//2
f 1359//603 186//603 188//603
f 1359//603 188//603 1207//603
f 585//2 1411//2 586//2
f 1437//277 588//277 955//277
f 1453//430 1240//430 169//430
f 586//2 1407//2 589//2
f 1454//2 774//2 1405//2
f 169//604 153//604 1453//604
f 1455//604 1453//604 153//604
f 184//605 1456//605 153//605
f 1455//605 153//605 1456//605
f 186//606 1359//606 184//606
f 1456//606 184//606 1359//606
f 1385//577 193//577 1394//577
f 190//577 1394//577 193//577
f 486//2 547//2 500//2
f 726//2 596//2 483//2
f 483//2 607//2 727//2
f 601//2 727//2 607//2
f 759//2 601//2 607//2
f 610//2 601//2 759//2
f 609//2 602//2 610//2
f 1430//580 1457//580 202//580
f 202//607 1457//607 199//607
f 1258//607 199//607 1457//607
f 1458//592 1341//592 537//592
f 561//2 562//2 500//2
f 1276//463 1458//463 537//463
f 1252//417 849//417 1097//417
f 200//439 1252//439 1097//439
f 562//2 481//2 500//2
f 537//463 587//463 1276//463
f 198//444 199//444 1258//444
f 481//2 487//2 500//2
f 487//2 486//2 500//2
f 410//447 853//447 412//447
f 411//608 412//608 1459//608
f 850//608 1459//608 412//608
f 1284//609 218//609 1460//609
f 1009//468 1278//468 615//468
f 1283//468 617//468 1278//468
f 601//2 610//2 602//2
f 1461//530 386//530 1381//530
f 387//530 1381//530 386//530
f 602//2 609//2 738//2
f 1461//610 1462//610 383//610
f 1461//610 383//610 386//610
f 738//2 609//2 634//2
f 482//66 289//66 485//66
f 497//611 318//611 836//611
f 319//611 836//611 318//611
f 1098//2 1443//2 1431//2
f 1099//2 1443//2 1098//2
f 1431//2 1443//2 1428//2
f 727//2 726//2 483//2
f 493//67 829//67 308//67
f 589//2 1406//2 625//2
f 1225//2 846//2 1037//2
f 1123//2 1037//2 754//2
f 501//73 329//73 851//73
f 625//2 1405//2 624//2
f 754//2 753//2 1433//2
f 329//612 340//612 851//612
f 624//2 1405//2 628//2
f 330//74 324//74 493//74
f 628//2 1405//2 774//2
f 851//612 340//612 852//612
f 716//612 852//612 340//612
f 1109//2 1401//2 751//2
f 1433//2 753//2 752//2
f 754//2 1037//2 846//2
f 1463//613 383//613 1462//613
f 798//278 796//278 888//278
f 383//613 1463//613 384//613
f 1273//613 384//613 1463//613
f 352//280 361//280 888//280
f 1436//2 1091//2 751//2
f 1434//2 1436//2 751//2
f 1080//2 751//2 1401//2
f 752//2 751//2 1088//2
f 1434//2 751//2 1398//2
f 351//614 352//614 888//614
f 351//614 888//614 506//614
f 393//455 1268//455 216//455
f 1088//2 751//2 1091//2
f 507//77 350//77 506//77
f 716//615 349//615 835//615
f 716//615 835//615 852//615
f 388//458 384//458 1273//458
f 1464//616 1465//616 220//616
f 1417//2 1397//2 1105//2
f 1443//2 1441//2 1442//2
f 1466//2 1429//2 1443//2
f 156//617 220//617 1466//617
f 1443//617 156//617 1466//617
f 349//80 508//80 835//80
f 1419//2 1417//2 1105//2
f 1467//618 1468//618 385//618
f 220//618 385//618 1468//618
f 1466//616 220//616 1465//616
f 1439//2 1445//2 1440//2
f 511//81 1219//81 369//81
f 1468//619 1464//619 220//619
f 368//43 367//43 878//43
f 1440//2 1444//2 1441//2
f 1467//620 385//620 389//620
f 1467//620 389//620 1279//620
f 864//621 371//621 878//621
f 368//621 878//621 371//621
f 1441//2 1443//2 1099//2
f 1279//469 389//469 394//469
f 371//622 864//622 511//622
f 371//622 511//622 370//622
f 1442//2 1441//2 1444//2
f 1105//2 1427//2 1419//2
f 1284//472 394//472 218//472
f 218//609 411//609 1460//609
f 1459//609 1460//609 411//609
f 1444//2 1440//2 1445//2
f 1217//623 515//623 321//623
f 398//623 321//623 515//623
f 1469//624 1470//624 415//624
f 1469//624 415//624 217//624
f 323//625 378//625 865//625
f 515//625 865//625 378//625
f 1449//2 1445//2 1391//2
f 1439//2 1391//2 1445//2
f 1470//626 1471//626 415//626
f 1472//626 416//626 1471//626
f 217//627 1268//627 1469//627
f 216//627 1268//627 217//627
f 415//626 1471//626 416//626
f 865//628 868//628 323//628
f 379//628 323//628 868//628
f 1449//2 1391//2 1390//2
f 1391//2 1419//2 1448//2
f 1448//2 1389//2 1391//2
f 1427//2 1448//2 1419//2
f 1473//629 1474//629 430//629
f 1473//629 430//629 426//629
f 288//199 287//199 855//199
f 1474//507 1335//507 430//507
f 1205//2 1204//2 1227//2
f 1182//2 1202//2 1181//2
f 359//558 304//558 824//558
f 426//630 1475//630 1473//630
f 1181//2 1203//2 1205//2
f 1227//2 1204//2 1451//2
f 868//199 855//199 287//199
f 1476//631 395//631 1472//631
f 855//632 825//632 288//632
f 380//632 288//632 825//632
f 416//631 1472//631 395//631
f 381//633 380//633 825//633
f 381//633 825//633 824//633
f 421//630 1475//630 426//630
f 403//400 809//400 1012//400
f 1475//634 421//634 396//634
f 1475//634 396//634 1372//634
f 406//635 407//635 887//635
f 406//635 887//635 1012//635
f 395//527 1373//527 396//527
f 1476//527 1373//527 395//527
f 886//203 887//203 407//203
f 1240//2 1453//2 1358//2
f 1452//2 1239//2 1358//2
f 1239//2 1240//2 1358//2
f 414//205 885//205 886//205
f 1456//2 1358//2 1455//2
f 1359//2 1358//2 1456//2
f 1453//2 1455//2 1358//2
f 399//70 316//70 498//70
f 399//636 498//636 885//636
f 399//636 885//636 414//636
f 1394//2 1393//2 1385//2
f 321//623 317//623 1217//623
f 893//637 1217//637 400//637
f 317//637 400//637 1217//637
f 853//2 848//2 850//2
f 857//2 860//2 1114//2
f 1430//2 1465//2 1457//2
f 1429//2 1466//2 1430//2
f 1428//2 1443//2 1429//2
f 894//638 893//638 413//638
f 400//638 413//638 893//638
f 413//214 896//214 894//214
f 428//486 1290//486 1160//486
f 849//2 1252//2 850//2
f 1113//2 848//2 854//2
f 1457//2 1459//2 1258//2
f 435//639 436//639 898//639
f 435//639 898//639 895//639
f 609//2 799//2 634//2
f 636//2 634//2 653//2
f 637//2 636//2 652//2
f 653//2 652//2 636//2
f 655//2 637//2 652//2
f 703//2 646//2 702//2
f 896//217 435//217 895//217
f 1255//2 850//2 1251//2
f 1252//2 1251//2 850//2
f 1258//2 850//2 1255//2
f 799//2 653//2 634//2
f 850//2 1258//2 1459//2
f 637//2 655//2 789//2
f 1477//183 909//183 733//183
f 789//2 656//2 642//2
f 1378//2 1358//2 1381//2
f 656//2 804//2 642//2
f 656//2 789//2 655//2
f 1463//2 1478//2 1273//2
f 1462//2 1478//2 1463//2
f 1273//2 1478//2 1272//2
f 1272//2 1478//2 1267//2
f 1479//2 667//2 668//2
f 1479//2 668//2 669//2
f 1479//2 669//2 670//2
f 1479//2 670//2 673//2
f 1479//2 673//2 675//2
f 675//2 674//2 1479//2
f 1479//2 680//2 827//2
f 1479//2 827//2 831//2
f 1454//2 1480//2 686//2
f 680//2 1479//2 674//2
f 1481//193 923//193 773//193
f 939//194 724//194 938//194
f 1479//2 831//2 1480//2
f 774//2 1454//2 686//2
f 1468//2 1467//2 1457//2
f 1465//2 1464//2 1457//2
f 1279//2 1280//2 1457//2
f 1464//2 1468//2 1457//2
f 1460//2 1457//2 1284//2
f 1284//2 1457//2 1280//2
f 1459//2 1457//2 1460//2
f 1465//2 1430//2 1466//2
f 941//196 73//196 736//196
f 686//2 1480//2 831//2
f 1467//2 1279//2 1457//2
f 843//2 842//2 1482//2
f 1372//2 1483//2 1475//2
f 1373//2 1483//2 1372//2
f 1473//2 1475//2 1483//2
f 1474//2 1473//2 1483//2
f 31//640 50//640 739//640
f 31//640 739//640 730//640
f 1474//2 1483//2 1335//2
f 739//641 50//641 737//641
f 51//641 737//641 50//641
f 804//2 661//2 642//2
f 645//2 642//2 661//2
f 661//2 847//2 645//2
f 843//2 1484//2 844//2
f 690//2 845//2 534//2
f 737//202 51//202 62//202
f 1485//2 1482//2 948//2
f 730//201 29//201 31//201
f 61//202 735//202 62//202
f 854//2 1343//2 1113//2
f 1343//2 1344//2 1113//2
f 1114//2 1113//2 1352//2
f 1347//2 1113//2 1344//2
f 1349//2 1113//2 1347//2
f 1354//2 1113//2 1349//2
f 844//2 534//2 845//2
f 64//204 733//204 61//204
f 845//2 690//2 696//2
f 690//2 646//2 696//2
f 1352//2 1113//2 1354//2
f 64//642 1486//642 733//642
f 1477//642 733//642 1486//642
f 847//2 702//2 646//2
f 703//2 696//2 646//2
f 646//2 645//2 847//2
f 745//206 27//206 29//206
f 1469//2 1268//2 1478//2
f 1268//2 1267//2 1478//2
f 1469//2 1478//2 1470//2
f 1461//2 1487//2 1462//2
f 27//207 745//207 30//207
f 667//2 1479//2 937//2
f 1488//2 942//2 1479//2
f 1489//2 1483//2 1472//2
f 1470//2 1489//2 1471//2
f 30//209 762//209 32//209
f 937//2 1479//2 861//2
f 78//210 743//210 80//210
f 861//2 1479//2 867//2
f 862//2 1479//2 942//2
f 1471//2 1489//2 1472//2
f 70//212 72//212 728//212
f 867//2 1479//2 862//2
f 1472//2 1483//2 1476//2
f 1476//2 1483//2 1373//2
f 942//2 1488//2 876//2
f 73//196 70//196 728//196
f 86//215 749//215 83//215
f 890//2 1490//2 884//2
f 749//643 86//643 748//643
f 88//643 748//643 86//643
f 946//2 1490//2 890//2
f 88//644 90//644 748//644
f 1489//2 1470//2 1478//2
f 1478//2 1462//2 1487//2
f 1358//2 1487//2 1461//2
f 1358//2 1375//2 1374//2
f 1358//2 1374//2 1380//2
f 1207//2 1206//2 1359//2
f 1380//2 1452//2 1358//2
f 1451//2 1204//2 1207//2
f 81//7 113//7 84//7
f 1375//2 1358//2 1376//2
f 1461//2 1381//2 1358//2
f 747//644 748//644 90//644
f 948//2 901//2 1485//2
f 901//2 947//2 1485//2
f 947//2 949//2 1485//2
f 949//2 908//2 1485//2
f 912//2 1485//2 908//2
f 1376//2 1358//2 1377//2
f 71//218 750//218 90//218
f 1377//2 1358//2 1378//2
f 750//645 71//645 74//645
f 945//2 884//2 1490//2
f 877//2 1490//2 921//2
f 882//2 1490//2 946//2
f 876//2 1488//2 882//2
f 1490//2 882//2 1488//2
f 1491//2 921//2 1490//2
f 1481//219 773//219 950//219
f 877//2 945//2 1490//2
f 1491//2 1294//2 922//2
f 1335//2 1483//2 1334//2
f 1492//2 1334//2 1483//2
f 921//2 1491//2 922//2
f 928//2 1294//2 927//2
f 1187//2 1060//2 1493//2
f 1334//2 1492//2 1402//2
f 1492//2 1493//2 1402//2
f 1193//2 1194//2 1294//2
f 922//2 1294//2 928//2
f 801//224 87//224 82//224
f 1404//2 1493//2 1060//2
f 1402//2 1493//2 1403//2
f 760//646 801//646 98//646
f 82//646 98//646 801//646
f 1403//2 1493//2 1404//2
f 1285//475 1494//475 597//475
f 38//647 14//647 1414//647
f 14//648 13//648 1413//648
f 14//648 1413//648 1414//648
f 13//649 12//649 1415//649
f 13//649 1415//649 1413//649
f 1420//650 1415//650 11//650
f 12//650 11//650 1415//650
f 597//480 1494//480 1286//480
f 1495//2 1496//2 1497//2
f 1498//2 1299//2 1495//2
f 1499//2 1365//2 1498//2
f 1500//2 1367//2 1499//2
f 1496//2 1297//2 1497//2
f 1291//2 920//2 1501//2
f 909//2 1477//2 1502//2
f 63//2 1502//2 1477//2
f 62//2 51//2 63//2
f 52//2 63//2 51//2
f 910//2 911//2 1502//2
f 919//2 918//2 1503//2
f 1501//2 920//2 1503//2
f 11//651 10//651 1421//651
f 11//651 1421//651 1420//651
f 695//652 619//652 1504//652
f 10//653 9//653 1409//653
f 10//653 1409//653 1421//653
f 1435//265 550//265 991//265
f 9//654 8//654 1408//654
f 9//654 1408//654 1409//654
f 1414//2 1350//2 1505//2
f 1505//2 1348//2 1500//2
f 1010//2 953//2 1500//2
f 952//2 954//2 1500//2
f 951//2 952//2 1500//2
f 8//655 7//655 1410//655
f 8//655 1410//655 1408//655
f 7//656 6//656 1411//656
f 7//656 1411//656 1410//656
f 951//2 1500//2 953//2
f 6//657 5//657 1407//657
f 6//657 1407//657 1411//657
f 5//658 4//658 1406//658
f 5//658 1406//658 1407//658
f 1496//659 606//659 1297//659
f 4//660 1//660 1405//660
f 4//660 1405//660 1406//660
f 1//661 3//661 1454//661
f 1//661 1454//661 1405//661
f 1010//2 1500//2 1348//2
f 3//662 22//662 1480//662
f 3//662 1480//662 1454//662
f 1506//663 1507//663 526//663
f 22//664 1479//664 1480//664
f 1507//665 1508//665 526//665
f 22//664 20//664 1479//664
f 1348//2 1505//2 1350//2
f 1488//666 1479//666 18//666
f 20//666 18//666 1479//666
f 526//496 1508//496 1298//496
f 1490//667 1488//667 19//667
f 18//667 19//667 1488//667
f 19//668 21//668 1491//668
f 19//668 1491//668 1490//668
f 1496//669 1506//669 606//669
f 526//669 606//669 1506//669
f 1294//670 1491//670 144//670
f 21//670 144//670 1491//670
f 1018//2 1414//2 1357//2
f 1014//2 1414//2 1013//2
f 1013//2 1414//2 1019//2
f 532//671 1299//671 1509//671
f 1509//497 1510//497 532//497
f 509//2 1015//2 1414//2
f 437//2 509//2 1414//2
f 1019//2 1414//2 1018//2
f 204//672 273//672 47//672
f 48//672 47//672 273//672
f 1300//497 532//497 1510//497
f 207//673 204//673 46//673
f 47//673 46//673 204//673
f 28//674 207//674 45//674
f 46//674 45//674 207//674
f 1511//194 722//194 939//194
f 45//675 44//675 52//675
f 45//675 52//675 28//675
f 1021//2 1361//2 996//2
f 1362//2 391//2 1432//2
f 391//2 390//2 1432//2
f 1362//2 1432//2 1360//2
f 44//676 43//676 63//676
f 44//676 63//676 52//676
f 1301//677 1512//677 629//677
f 43//678 42//678 1502//678
f 43//678 1502//678 63//678
f 1021//2 996//2 959//2
f 42//679 41//679 1503//679
f 42//679 1503//679 1502//679
f 1020//2 996//2 1361//2
f 722//498 1511//498 1301//498
f 41//680 40//680 1501//680
f 41//680 1501//680 1503//680
f 39//681 1497//681 1501//681
f 39//681 1501//681 40//681
f 1363//2 1432//2 390//2
f 404//2 1432//2 1363//2
f 1512//682 1513//682 629//682
f 598//682 629//682 1513//682
f 37//683 1495//683 1497//683
f 37//683 1497//683 39//683
f 35//684 1498//684 1495//684
f 35//684 1495//684 37//684
f 1514//685 598//685 1513//685
f 34//686 1499//686 1498//686
f 34//686 1498//686 35//686
f 1365//2 1499//2 1367//2
f 1300//2 1498//2 1364//2
f 36//687 1500//687 1499//687
f 36//687 1499//687 34//687
f 1514//499 1302//499 598//499
f 1364//2 1498//2 1365//2
f 954//2 1366//2 1500//2
f 38//688 1505//688 1500//688
f 38//688 1500//688 36//688
f 1414//647 1505//647 38//647
f 1133//689 119//689 125//689
f 1133//689 125//689 1134//689
f 419//2 1368//2 1500//2
f 417//2 419//2 1500//2
f 1366//2 417//2 1500//2
f 125//690 124//690 1163//690
f 125//690 1163//690 1134//690
f 124//691 123//691 1129//691
f 124//691 1129//691 1163//691
f 1515//692 944//692 603//692
f 122//693 1127//693 1129//693
f 122//693 1129//693 123//693
f 422//2 1500//2 1369//2
f 1367//2 1500//2 422//2
f 1368//2 1369//2 1500//2
f 121//694 1125//694 1127//694
f 121//694 1127//694 122//694
f 1305//501 1515//501 603//501
f 121//695 120//695 1136//695
f 1125//695 121//695 1136//695
f 1516//696 1305//696 525//696
f 962//2 1303//2 965//2
f 49//697 270//697 1136//697
f 49//697 1136//697 120//697
f 525//502 1306//502 1516//502
f 49//698 48//698 270//698
f 273//698 270//698 48//698
f 1371//503 1307//503 528//503
f 117//699 1187//699 1493//699
f 117//699 1493//699 118//699
f 959//2 996//2 960//2
f 960//2 996//2 961//2
f 1020//2 1360//2 996//2
f 1304//2 965//2 1303//2
f 116//700 1176//700 1187//700
f 116//700 1187//700 117//700
f 622//701 1517//701 1518//701
f 114//702 1130//702 1176//702
f 114//702 1176//702 116//702
f 1303//2 962//2 441//2
f 115//703 1131//703 1130//703
f 115//703 1130//703 114//703
f 119//704 1133//704 1131//704
f 119//704 1131//704 115//704
f 1518//284 1519//284 622//284
f 103//284 622//284 1519//284
f 441//2 1383//2 1379//2
f 1437//2 961//2 1005//2
f 1295//705 1294//705 143//705
f 144//705 143//705 1294//705
f 1517//120 622//120 654//120
f 143//706 142//706 1296//706
f 143//706 1296//706 1295//706
f 1379//2 1382//2 955//2
f 955//2 961//2 1437//2
f 142//707 141//707 1316//707
f 142//707 1316//707 1296//707
f 141//708 140//708 1319//708
f 141//708 1319//708 1316//708
f 961//2 955//2 1382//2
f 1382//2 1379//2 1383//2
f 1312//709 1520//709 618//709
f 140//710 139//710 1209//710
f 140//710 1209//710 1319//710
f 139//711 138//711 1199//711
f 139//711 1199//711 1209//711
f 1521//712 618//712 1520//712
f 138//713 137//713 1200//713
f 138//713 1200//713 1199//713
f 1200//714 137//714 136//714
f 1200//714 136//714 1202//714
f 964//2 963//2 1304//2
f 964//2 1304//2 1370//2
f 618//504 454//504 1312//504
f 136//715 135//715 1203//715
f 136//715 1203//715 1202//715
f 135//716 134//716 1204//716
f 135//716 1204//716 1203//716
f 1521//712 1522//712 618//712
f 965//2 1304//2 963//2
f 134//717 133//717 1206//717
f 134//717 1206//717 1204//717
f 133//718 132//718 1358//718
f 133//718 1358//718 1206//718
f 1523//719 576//719 1522//719
f 618//719 1522//719 576//719
f 1487//720 1358//720 131//720
f 132//720 131//720 1358//720
f 576//215 1523//215 577//215
f 1524//215 577//215 1523//215
f 131//721 130//721 1478//721
f 131//721 1478//721 1487//721
f 461//2 462//2 1388//2
f 971//2 980//2 1387//2
f 973//2 980//2 971//2
f 974//2 980//2 973//2
f 997//2 980//2 975//2
f 1432//2 980//2 997//2
f 981//2 980//2 1432//2
f 461//2 1388//2 1412//2
f 577//722 1524//722 613//722
f 1525//722 613//722 1524//722
f 130//723 2//723 1489//723
f 130//723 1489//723 1478//723
f 1483//724 1489//724 2//724
f 613//725 1525//725 616//725
f 1526//725 616//725 1525//725
f 145//724 1483//724 2//724
f 464//2 1388//2 462//2
f 1387//2 1412//2 1388//2
f 146//726 1492//726 1483//726
f 146//726 1483//726 145//726
f 1492//727 146//727 1493//727
f 118//727 1493//727 146//727
f 1526//587 1438//587 616//587
f 1008//587 614//587 1438//587
f 975//2 980//2 974//2
f 1412//2 1387//2 980//2
f 981//2 1432//2 404//2
f 1317//728 1527//728 769//728
f 1418//2 570//2 984//2
f 495//2 982//2 570//2
f 465//2 467//2 1388//2
f 464//2 516//2 1388//2
f 985//2 1418//2 983//2
f 984//2 983//2 1418//2
f 516//2 465//2 1388//2
f 1527//729 1320//729 769//729
f 1422//2 987//2 1504//2
f 987//2 1423//2 1504//2
f 1424//2 988//2 1504//2
f 623//730 1321//730 1528//730
f 1425//2 1287//2 1426//2
f 455//731 623//731 456//731
f 1528//731 456//731 623//731
f 111//308 630//308 126//308
f 1005//2 961//2 1450//2
f 1450//2 961//2 996//2
f 996//2 1360//2 1432//2
f 1529//732 126//732 630//732
f 999//2 1000//2 1282//2
f 1000//2 1435//2 1282//2
f 991//2 1282//2 1435//2
f 990//2 1282//2 991//2
f 635//733 1530//733 630//733
f 1529//733 630//733 1530//733
f 1531//734 1530//734 635//734
f 1008//2 1438//2 1341//2
f 1337//2 1342//2 1438//2
f 1342//2 1341//2 1438//2
f 1341//2 1458//2 1008//2
f 1001//2 1283//2 1446//2
f 1532//506 1533//506 635//506
f 635//506 600//506 1532//506
f 1009//2 1446//2 1278//2
f 1001//2 999//2 1283//2
f 1330//506 1532//506 600//506
f 1275//2 1277//2 1008//2
f 1276//2 1275//2 1008//2
f 1458//2 1276//2 1008//2
f 1446//2 1009//2 1447//2
f 1277//2 1447//2 1008//2
f 1009//2 1008//2 1447//2
f 1278//2 1446//2 1283//2
f 1426//2 1494//2 989//2
f 989//2 1282//2 990//2
f 1283//2 999//2 1282//2
f 1333//506 600//506 1332//506
f 1282//2 989//2 1285//2
f 1285//2 989//2 1494//2
f 1531//734 635//734 1534//734
f 1494//2 1426//2 1286//2
f 1286//2 1426//2 1287//2
f 1533//735 1534//735 635//735
f 1287//2 1425//2 1535//2
f 1331//508 600//508 1337//508
f 919//2 1503//2 920//2
f 1297//2 1291//2 1497//2
f 1501//2 1497//2 1291//2
f 1337//508 536//508 1342//508
f 1496//2 1495//2 1506//2
f 1506//2 1495//2 1507//2
f 1287//652 1535//652 619//652
f 1535//652 1504//652 619//652
f 1507//2 1495//2 1508//2
f 1510//2 1498//2 1300//2
f 1508//2 1495//2 1298//2
f 1504//736 1536//736 695//736
f 1298//2 1495//2 1299//2
f 1299//2 1498//2 1509//2
f 1537//737 704//737 695//737
f 1509//2 1498//2 1510//2
f 1536//738 1537//738 695//738
f 1538//261 988//261 238//261
f 1538//739 238//739 1539//739
f 237//739 1539//739 238//739
f 1539//740 237//740 1540//740
f 1305//2 1516//2 1513//2
f 1305//2 1512//2 1515//2
f 1306//2 1514//2 1516//2
f 1370//2 1304//2 1371//2
f 1371//2 1302//2 1307//2
f 1307//2 1302//2 1306//2
f 1383//2 441//2 962//2
f 944//2 1515//2 1301//2
f 944//2 1301//2 1511//2
f 939//2 938//2 943//2
f 939//2 943//2 1511//2
f 1541//741 1542//741 651//741
f 1301//2 1515//2 1512//2
f 1540//742 237//742 1542//742
f 1512//2 1305//2 1513//2
f 237//741 651//741 1542//741
f 1513//2 1516//2 1514//2
f 266//743 1543//743 651//743
f 1541//743 651//743 1543//743
f 1514//2 1306//2 1302//2
f 1302//2 1371//2 1304//2
f 1543//744 266//744 1544//744
f 300//476 1545//476 266//476
f 1544//476 266//476 1545//476
f 654//2 972//2 1517//2
f 1517//2 972//2 1518//2
f 1546//745 1545//745 681//745
f 300//745 681//745 1545//745
f 1518//2 101//2 1519//2
f 1519//2 101//2 103//2
f 665//746 664//746 1482//746
f 1484//746 1482//746 664//746
f 685//747 1547//747 664//747
f 1484//747 664//747 1547//747
f 666//748 665//748 1485//748
f 1482//748 1485//748 665//748
f 1526//2 1525//2 1531//2
f 1525//2 1528//2 1530//2
f 1531//2 1534//2 1526//2
f 1532//2 1526//2 1533//2
f 1528//2 1321//2 1530//2
f 456//2 1528//2 657//2
f 1027//2 129//2 126//2
f 1317//2 1027//2 126//2
f 1520//2 1528//2 1521//2
f 1330//2 1526//2 1532//2
f 579//749 581//749 666//749
f 1485//749 579//749 666//749
f 1521//2 1528//2 1522//2
f 1329//2 1526//2 1330//2
f 1522//2 1528//2 1523//2
f 1333//2 1526//2 1329//2
f 1523//2 1528//2 1524//2
f 1332//2 1331//2 1526//2
f 581//95 580//95 662//95
f 1524//2 1528//2 1525//2
f 1337//2 1526//2 1331//2
f 533//750 1547//750 685//750
f 533//750 685//750 658//750
f 1530//2 1531//2 1525//2
f 1333//2 1332//2 1526//2
f 582//96 626//96 583//96
f 1438//2 1526//2 1337//2
f 1317//2 126//2 1527//2
f 126//2 1529//2 1321//2
f 627//107 626//107 631//107
f 252//107 631//107 626//107
f 1527//2 126//2 1320//2
f 1320//2 126//2 1321//2
f 299//87 533//87 658//87
f 582//751 584//751 672//751
f 1548//751 672//751 584//751
f 1533//2 1526//2 1534//2
f 592//752 671//752 672//752
f 592//752 672//752 1548//752
f 684//753 1549//753 681//753
f 1546//753 681//753 1549//753
f 1539//2 1536//2 1538//2
f 1536//2 1504//2 1538//2
f 1541//2 1537//2 1542//2
f 1539//2 1540//2 1536//2
f 986//2 1422//2 1504//2
f 1535//2 1425//2 1504//2
f 1423//2 1424//2 1504//2
f 590//754 1549//754 591//754
f 684//754 591//754 1549//754
f 1425//2 986//2 1504//2
f 1536//2 1540//2 1537//2
f 671//99 592//99 591//99
f 988//2 1538//2 1504//2
f 1542//2 1537//2 1540//2
f 241//755 677//755 242//755
f 242//755 677//755 676//755
f 1537//737 1550//737 704//737
f 1546//2 1549//2 1550//2
f 1551//2 1550//2 592//2
f 1550//756 1551//756 719//756
f 1550//756 719//756 704//756
f 1552//757 1553//757 230//757
f 1484//2 843//2 1482//2
f 533//2 844//2 1547//2
f 1484//2 1547//2 844//2
f 534//2 844//2 533//2
f 1553//758 1554//758 230//758
f 912//2 1190//2 1485//2
f 842//2 948//2 1482//2
f 230//759 719//759 1552//759
f 1551//759 1552//759 719//759
f 1485//2 1190//2 579//2
f 1070//2 579//2 1190//2
f 1554//758 228//758 230//758
f 592//2 1550//2 590//2
f 1189//2 1226//2 1070//2
f 627//2 228//2 583//2
f 583//2 228//2 584//2
f 1541//2 1543//2 1550//2
f 584//2 228//2 1548//2
f 1548//2 1551//2 592//2
f 1545//2 1546//2 1550//2
f 590//2 1550//2 1549//2
f 1544//2 1545//2 1550//2
f 1247//2 1102//2 241//2
f 241//2 1244//2 1247//2
f 1552//2 1548//2 1553//2
f 1246//2 611//2 638//2
f 1537//2 1541//2 1550//2
f 631//2 228//2 627//2
f 632//2 228//2 631//2
f 1543//2 1544//2 1550//2
f 1551//2 1548//2 1552//2
f 608//2 638//2 611//2
f 1553//2 1548//2 1554//2
f 1554//2 1548//2 228//2
f 228//2 254//2 608//2
f 1244//2 241//2 1243//2
f 611//2 1246//2 620//2
f 620//2 1243//2 241//2
f 254//2 228//2 632//2
f 638//2 608//2 254//2
f 644//2 903//2 639//2
f 640//2 639//2 903//2
f 659//2 972//2 647//2
f 660//2 659//2 647//2
f 648//2 647//2 972//2
f 648//2 972//2 654//2
f 972//2 101//2 1518//2
f 660//2 647//2 649//2
f 1520//2 1312//2 1528//2
f 1312//2 657//2 1528//2
f 1529//2 1530//2 1321//2
f 677//2 740//2 679//2
f 1102//2 1248//2 241//2
f 503//2 700//2 682//2
f 472//2 707//2 740//2
f 693//2 691//2 705//2
f 502//2 700//2 503//2
f 502//2 694//2 697//2
f 697//2 698//2 502//2
f 693//2 705//2 700//2
f 700//2 502//2 698//2
f 682//2 700//2 705//2
f 705//2 691//2 707//2
f 691//2 679//2 707//2
f 679//2 740//2 707//2
f 742//2 889//2 740//2
f 883//2 472//2 740//2
f 889//2 883//2 740//2
f 755//2 640//2 903//2
f 755//2 899//2 900//2
f 900//2 772//2 755//2
f 899//2 755//2 902//2
f 902//2 755//2 903//2
f 1486//2 64//2 63//2
f 1477//2 1486//2 63//2
f 911//2 909//2 1502//2
f 910//2 1502//2 918//2
f 1502//2 1503//2 918//2
f 944//2 1511//2 943//2
f 924//2 923//2 940//2
f 923//2 1481//2 940//2
f 73//2 941//2 950//2
f 950//2 74//2 73//2
f 1481//2 950//2 941//2
f 941//2 940//2 1481//2
f 940//2 943//2 938//2
f 924//2 940//2 938//2
#3104 polygons

